feature_1,feature_2,feature_3,feature_4,feature_5,target,prediction,prediction_probability
0.4967141530112327,-0.1382643011711846,0.6476885381006925,1.5230298564080254,-0.2341533747233359,1,1,0.8584999999999999
-0.2341369569491805,1.5792128155073917,0.7674347291529088,-0.4694743859349521,0.5425600435859647,1,1,0.9167833333333333
-0.4634176928124622,-0.4657297535702568,0.2419622715660341,-1.913280244657798,-1.7249178325130328,0,0,0.14333333333333334
-0.5622875292409727,-1.0128311203344238,0.3142473325952739,-0.9080240755212108,-1.4123037013352917,0,0,0.13
1.465648768921554,-0.2257763004865356,0.0675282046879238,-1.4247481862134568,-0.5443827245251827,1,1,0.7972857142857143
0.110922589709866,-1.1509935774223028,0.3756980183456719,-0.600638689918805,-0.2916937497932768,0,0,0.019519230769230768
-0.6017066122293969,1.8522781845089376,-0.0134972247379339,-1.0577109289559004,0.822544912103189,1,1,0.8883333333333333
-1.2208436499710222,0.2088635950047554,-1.959670123879776,-1.3281860488984305,0.1968612358691235,1,1,0.8746666666666667
0.7384665799954104,0.1713682811899705,-0.1156482823882405,-0.3011036955892888,-1.4785219903674274,1,1,0.9793333333333334
-0.7198442083947086,-0.4606387709597875,1.0571222262189155,0.3436182895684614,-1.763040155362734,0,0,0.17
0.324083969394795,-0.3850822804163165,-0.6769220003059587,0.6116762888408679,1.030999522495951,1,1,0.8545050125313284
0.9312801191161986,-0.8392175232226385,-0.3092123758512146,0.3312634314035639,0.9755451271223592,0,0,0.1317669172932331
-0.4791742378452899,-0.1856589766638171,-1.1063349740060282,-1.1962066240806708,0.812525822394198,0,0,0.2250595238095238
1.356240028570823,-0.0720101215803338,1.0035328978920242,0.3616360250476341,-0.6451197546051243,1,1,0.81
0.3613956055084139,1.5380365664659692,-0.0358260391099515,1.5646436558140062,-2.6197451040897444,1,1,0.98
0.8219025043752238,0.0870470682381712,-0.2990073504658674,0.0917607765355023,-1.9875689146008928,1,1,0.9893333333333334
-0.2196718878375119,0.3571125715117464,1.477894044741516,-0.5182702182736474,-0.8084936028931876,0,0,0.13392156862745097
-0.5017570435845365,0.915402117702074,0.3287511096596844,-0.5297602037670388,0.5132674331133561,1,1,0.8666117647058823
0.0970775493480403,0.9686449905328892,-0.7020530938773524,-0.3276621465977682,-0.3921081531321576,1,1,0.9991666666666668
-1.4635149481321186,0.296120277064576,0.2610552721798893,0.0051134566424608,-0.2345871333751469,0,0,0.14766666666666667
-1.4153707420504142,-0.420645322765359,-0.3427145165267695,-0.8022772692216189,-0.1612857116660091,0,0,0.06509090909090909
0.4040508568145384,1.8861859012105304,0.1745778128318389,0.2575503907227643,-0.0744459157661672,1,1,0.9891666666666667
-1.9187712152990413,-0.0265138754492168,0.0602302099410264,2.463242112485286,-0.1923609647811225,1,1,0.8493333333333334
0.3015473423336124,-0.0347117697052433,-1.168678037619532,1.1428228145150203,0.7519330326867741,1,1,0.9295050125313284
0.7910319470430469,-0.9093874547947388,1.4027943109360992,-1.4018510627922809,0.5868570938002703,0,0,0.0
2.1904556258099785,-0.9905363251306885,-0.5662977296027719,0.0996513650876412,-0.5034756541161992,1,1,0.7791666666666667
-1.5506634310661327,0.0685629748060273,-1.0623037137261049,0.4735924306351816,-0.9194242342338032,1,1,0.9794444444444445
1.5499344050175394,-0.7832532923362371,-0.3220615162056756,0.8135172173696698,-1.2308643164339552,1,1,0.94
0.2274599346041294,1.307142754282428,-1.6074832345612275,0.1846338585323042,0.2598827942484235,1,1,1.0
0.7818228717773104,-1.236950710878082,-1.3204566130842763,0.5219415656168976,0.296984673233186,1,1,0.8833333333333333
0.2504928503458765,0.3464482094969757,-0.6800247215784908,0.2322536971610035,0.2930724732986812,1,1,0.9659659090909091
-0.7143514180263678,1.8657745111447568,0.4738329209117875,-1.1913034972026486,0.6565536086338297,1,1,0.9275833333333332
-0.9746816702273214,0.787084603742452,1.158595579007404,-0.8206823183517105,0.9633761292443218,0,0,0.07
0.4127809269364983,0.82206015999449,1.8967929826539476,-0.2453881160028705,-0.7537361643574896,1,1,0.777451923076923
-0.8895144296255233,-0.8158102849654383,-0.0771017094141042,0.3411519748166439,0.276690799330019,0,0,0.01
0.8271832490360238,0.013001891877907,1.4535340771573169,-0.2646568332379561,2.720169166589619,0,0,0.03
0.6256673477650062,-0.8571575564162826,-1.0708924980611123,0.4824724152431853,-0.2234627853258509,1,1,0.8540196078431372
0.714000494092092,0.4732376245735448,-0.0728289126568727,-0.846793718068405,-1.5148472246858646,1,1,0.9905882352941177
-0.4465149520670211,0.8563987943234723,0.2140937441302039,-1.245738778711988,0.173180925851182,1,1,0.9071666666666667
0.3853173797288368,-0.883857436201133,0.1537251059455279,0.0582087184459998,-1.142970297830623,0,1,0.5757575757575758
0.3577873603482833,0.5607845263682344,1.083051243175277,1.053802052034903,-1.377669367957091,1,1,0.938
-0.9378250399151228,0.5150352672086598,0.5137859509122088,0.5150476863060479,3.852731490654721,0,0,0.1
0.570890510693167,1.135565640180599,0.9540017634932024,0.651391251305798,-0.3152692446403456,1,1,0.9566117647058823
0.7589692204932674,-0.7728252145375718,-0.2368186067400088,-0.4853635478291034,0.0818741393863225,0,0,0.115
2.3146585666735087,-1.867265192591748,0.6862601903745135,-1.6127158711896517,-0.4719318657894334,0,0,0.02
1.088950596967366,0.0642800190954627,-1.077744777929306,-0.7153037092599682,0.6795977489346758,1,1,0.957090909090909
-0.7303666317171367,0.2164585895819748,0.0455718399038137,-0.6516003476058171,2.1439440893253257,0,0,0.02025
0.6339190223180112,-2.025142586657607,0.1864543147694276,-0.661786464768388,0.852433334796224,0,0,0.01
-0.7925207384327007,-0.114736441466899,0.5049872789804571,0.8657551941701215,-1.2002964070557762,1,1,0.7333333333333333
-0.3345012358409484,-0.4749453111609562,-0.6533292325737119,1.7654542402810969,0.4049817109609555,1,1,0.7260702614379084
-1.2608839543350452,0.917861947054776,2.122156197012633,1.0324652605511468,-1.5193699659540134,1,1,0.77
-0.4842340728662513,1.2669111491866227,-0.7076694656187807,0.4438194281462284,0.7746340534293368,1,1,0.9470833333333333
-0.926930471578083,-0.0595253560618,-3.241267340069073,-1.0243876413342898,-0.2525681513931603,1,1,0.9251190476190477
-1.2477831819648495,1.6324113039316352,-1.430141377960633,-0.4400444866969837,0.1307405772860913,1,1,0.99
1.4412732890661155,-1.4358621511794394,1.1631637521549596,0.010233061019587,-0.9815086510479508,0,0,0.02
0.4621034742632707,0.19905969557347,-0.6002168771587947,0.0698020849900189,-0.3853135968617602,1,1,0.9391666666666667
0.113517345251248,0.6621306745210467,1.586016816145352,-1.237815498826849,2.133033374656266,0,0,0.04333333333333333
-1.9520877995225017,-0.1517850950355833,0.5883172064845765,0.2809918677350326,-0.6226995198205938,0,0,0.34
-0.2081222503572752,-0.4930009346588328,-0.5893647569442115,0.8496020970210246,0.3570154859650473,0,0,0.24212895319418087
-0.6929095952606542,0.8995998754332507,0.3072995208766093,0.8128621188389601,0.6296288419236122,1,1,0.7841666666666666
-0.8289950109220723,-0.5601810401969696,0.7472936051232618,0.6103702654334648,-0.0209015939641481,0,0,0.0
0.117327383308782,1.277664895788425,-0.5915713888358299,0.5470973811700379,-0.202192652433894,1,1,0.9991666666666668
-0.2176812032272203,1.09877685198719,0.8254163489880298,0.8135096360006385,1.305478807154329,0,0,0.29061176470588235
0.021003841632759,0.6819529712949639,-0.310266756593456,0.3241663524884421,-0.1301430543676845,1,1,0.9885416666666668
0.0969959649927181,0.5951570254369136,-0.8182206832334725,2.09238727568546,-1.006017381499702,1,1,0.97
-1.2141886127877322,1.1581108735000678,0.7916626939629359,0.6241198170521551,0.6283455092642799,0,0,0.22083333333333335
-0.0122467728469146,-0.8972543714858315,0.0758045581937263,-0.6771617115121117,0.9751197334177512,0,0,0.0
-0.1470573815021386,-0.8254971967925115,-0.3213858416529934,0.4129314542756243,-0.5637245528039747,1,1,0.766027183600713
-0.8222203955664315,0.2436872114919123,0.2449665711087227,-0.5069431753711298,-0.4710383056183228,0,0,0.22867914438502673
0.2320499373576363,-1.448084341497324,-1.4074637743765552,-0.718444221252436,-0.2134471517118472,0,0,0.05912217194570136
0.3109075655980046,1.475356216949552,0.8576596232020194,-0.1599385299634271,-0.0190162079026888,1,1,0.9205333333333334
-1.0025293646378088,-0.0185131359923899,-0.2886586389201383,0.3227185603380895,-0.827230943552323,1,1,0.8544444444444445
0.5193465142411723,1.5327389130025777,-0.1087601484568576,0.4017117220989414,0.6901439917111125,1,1,0.96
-0.4012204718858362,0.2240924818104167,0.0125924007817948,0.0976760985488317,-0.7730097838554665,1,1,0.9277777777777778
0.0245101742589427,0.4979982912454497,1.4511436077950417,0.9592708260852068,2.1531824575115563,0,0,0.06111111111111111
-0.7673475628880495,0.8723206367206782,0.1833420057383517,2.1898029332176723,-0.8082982853551515,1,1,0.9495833333333333
-0.8397218421807761,-0.5993926454440222,-2.123895724309807,-0.525755021680761,-0.759132661553698,1,1,0.856
0.1503937864762076,0.3417559757771594,1.8761708392158865,0.9504238381860504,-0.5769036556624031,0,0,0.13112829392829392
-0.898414671348358,0.4919191715065057,-1.3202332070206422,1.8314587658543535,1.179440120721287,1,1,0.93
-0.4691756521047048,-1.7131345290908775,1.3538723741654128,-0.1145398452526178,1.2378163119734618,0,0,0.0
-1.594427658794367,-0.5993750229537729,0.0052436997181831,0.046980593764742,-0.4500654714792436,0,0,0.02
0.6228499323474987,-1.0676204293825944,-0.1423794850212935,0.1202956317118988,0.514438834058749,0,0,0.021640866873065018
0.7116148780888898,-1.1246420918378692,-1.5341141707356225,1.277676821898509,0.3323140119795916,1,1,0.8190196078431373
-0.7484865365565536,1.551151975522523,0.1156746342928586,1.1792971840638264,0.0675184814101089,1,1,0.97875
2.060747924881987,1.7553408424432044,-0.2489641484790735,0.9715709509543554,0.6453759495851475,1,1,0.97
1.3686315575323489,-0.9649234605801044,0.6860514599984393,1.0584244868495878,-1.7587394864231145,1,1,0.7866666666666666
-1.183258512665775,-2.039232177760101,-0.2694068344445577,0.7175422557959623,1.502357052096028,0,0,0.0
0.0740947804197751,1.6286155455712918,-1.3801014582148914,-1.7033824393551549,-0.0555476988966187,1,1,1.0
0.3840654489393073,-0.0326947480940931,-2.0674421000398766,-0.0891200395127884,-1.3044695005048532,1,1,1.0
0.6696725488300385,0.3665982460968482,-0.9398797863273552,-0.5138669173366935,-1.0592135218889516,1,1,0.9905882352941177
-0.0626790972731718,0.9551423205012384,-0.9857260463355436,0.5040465155178444,-0.5302576183724408,1,1,0.98
-0.7928728322623442,-0.1070303599545578,-1.035242322419374,-0.553649305347182,-1.1978778925888485,1,1,0.9485882352941176
1.9647251329163893,0.0352635519717286,-0.6997255079925856,0.213979910734222,-0.1123280496908298,1,1,0.9992857142857143
-0.2209695995332229,0.6141667000434252,0.7575077100473051,-0.5305011476105275,-0.57581824064468,1,1,0.7199857142857143
-0.275051697151644,-2.301921164735585,-1.5151910621985525,1.366874267444525,1.6449677135012837,0,0,0.07765591397849463
-0.2490360395563783,0.5765569630557664,0.3112501545435361,3.0788808084552377,1.1195749114345768,1,1,0.8333333333333335
-0.1279175914807665,-0.9555404406004258,-1.6064463202575725,0.2034636358672231,-0.7563507452843033,1,1,0.8457575757575758
-1.4222537095976742,-0.6465728842425266,-1.081548003614395,1.6871416350725648,0.8816397569494505,0,0,0.08032258064516128
-0.0079726413166173,1.479944138890026,0.0773683076476183,-0.8612842013282637,1.5231240772696573,1,1,0.77
0.5389100436846587,-1.0372461543264564,-0.1903386780836082,-0.8756182533847572,-1.382799730964336,0,0,0.29058823529411765
0.9261775475316414,1.9094166404701305,-1.3985675738191412,0.5629692366905709,-0.6506425691218269,1,1,1.0
-0.487125383764696,-0.5923939242388692,-0.863990769679816,0.0485216279448269,-0.8309501164110378,1,1,0.874090909090909
0.2704568257798388,-0.0502381094491369,-0.2389480468664097,-0.907563662041598,-0.5767713305683327,1,1,0.8159929971988796
0.755391225825756,0.5009171876243808,-0.977555244798551,0.0993323054292258,0.751387123371789,1,1,0.9386666666666668
-1.6694052811213718,0.543360192379935,-0.6626237589458467,0.5705986685931593,-0.7632591565425169,1,1,0.99
-1.804882100664519,-1.6275424378831629,0.0480849466613819,0.2597225017214818,-0.9043166251044086,0,0,0.008333333333333333
0.6385924587773739,-1.66152006226896,-0.0660797986473165,-1.211016199762457,-0.6518361078021592,0,0,0.07333333333333333
0.047398671316414,-0.8604133652839524,-0.3845555442298253,1.0062928092144403,-0.5768918695231487,1,1,0.8030688502673797
0.8356921120651418,-1.129706854657618,0.5298041779152828,1.4415686206579004,-2.4716445001272893,1,1,0.8766666666666666
-0.7968952554704768,0.57707212718054,-0.2030453860429927,0.3711458733713088,-0.6039851867158206,1,1,0.97875
0.0865897874728999,-0.1556772353920794,1.1677820616598074,0.2544208433012131,0.3376026620752022,0,0,0.0272
-0.4118769661224674,-0.4876062240724935,-0.4325581878196209,0.3944521423782968,-0.4209844808202629,1,1,0.6939111705288176
0.2897748568964129,2.075400798645439,0.8711247034316923,-0.3260235321678411,1.2012139221639448,1,1,0.8716666666666667
-0.4080753730215514,-2.038124535177854,-1.008086310917404,-1.870791921025856,-0.3515134840413086,0,0,0.0425
0.0184183791895517,1.6764373122752827,0.3269273737641626,-0.2191005288088642,0.8294055811834892,1,1,0.9560714285714286
-2.211135309007885,0.2356145581085659,0.7708651938869668,-1.4785862457798415,1.143754043206929,0,0,0.02
0.3384964074944141,-0.4152879139008013,0.6327818661062848,2.270692857804396,0.1818662550584951,1,1,0.6990000000000001
0.248220586300336,-0.4593608995402441,-0.8498443694647918,0.8303358165442456,-0.8560838259088672,1,1,0.9390909090909091
0.0715662372193924,-0.4776574467651167,0.4789798257463918,0.3336621052869483,1.0375399442578992,0,0,0.06
-0.510016398854747,-0.2698749352933712,-0.9787637157823074,-0.4442932600761116,0.3773004930448522,1,1,0.7324285714285714
0.7569886166453519,-0.9221653241776254,0.8696059201056602,1.355637858804951,0.4134349032237008,0,0,0.05
1.876795812558066,-0.773789199103573,-1.244654703311417,-1.7787202489042786,1.496044311489183,0,0,0.2
0.6543656563540577,-0.055584670910455,0.2799686263198203,-1.1254890472983765,2.4457519796168263,0,0,0.0825
0.1292211819752275,0.1093947946048928,0.725766623898692,0.4810092317367132,0.2238840242791313,0,0,0.17181666666666665
-0.7904744554453119,0.4714683571359957,1.8820244964750337,1.3454200461549777,1.593186626639397,0,0,0.1111111111111111
-0.5112156764311852,-0.9896048202585808,-0.1257869200996481,0.0557249122886946,1.0941915184709483,0,0,0.01
-1.6924646297148194,1.5295503194606137,-0.1580078985789894,-0.42688106994742,-1.0121043752601675,1,1,0.9095833333333333
-1.6548566718657691,0.8231705839619146,0.0733179671884038,-1.289960899741054,-1.295078772063616,1,1,0.9095833333333333
-0.3357846992901282,1.669021525289393,-0.2595913513636048,-1.5031429531181062,-0.2457430640859443,1,1,0.9782575757575758
-0.2727235697476705,-2.696886642941572,-0.0542948665178122,-0.2309345302086779,0.6962063648134184,0,0,0.0
1.8489560949453447,1.1265650295477574,-0.2688886905548305,-1.1065259087416703,2.5733598032498604,1,1,0.91
0.0592184340144882,0.0139292919129462,-0.0241250871100032,0.1980847607678549,-0.1443604119239424,1,1,0.9235849567099567
-0.5736620068802363,-0.5468589412403921,-0.0327532702159983,-0.543424771133765,-0.7128457826771644,0,0,0.1305
0.1064302276918968,-0.2549772174208553,1.5039929885826886,-2.650969808393012,1.0915068519224618,0,0,0.02
1.246085192497629,-2.073390232408149,-0.3426875940803487,-0.3714408659957914,-1.4075116947178212,0,0,0.49
-0.7778166875908753,-1.1105758454658288,1.7522704434236227,0.9356783931474612,1.2715550949941588,0,0,0.0
0.7216720640432351,-1.1290517712172292,-0.5245202662797737,0.489374561227918,-1.2221278088919454,1,1,0.94
0.7129984301723881,-0.240325398158135,-0.3748208075495975,0.7109599682034915,0.4442633114860397,1,1,0.8903571428571427
-0.3609661658190799,1.159329803364248,-1.081063327599897,0.6159356069442637,0.5931012579683838,1,1,0.94875
-0.3095464393139903,0.326133022242118,-1.251113576385303,0.924027019206901,-0.184902136442989,1,1,0.99
-0.5227230205190395,1.0490092258368893,-0.7043436905427592,-1.4084612963635597,-1.5566291735239035,1,1,0.979090909090909
0.6060099513456396,-1.280429352496283,1.7547941819843649,-2.081929407883722,1.6964563682900382,0,0,0.01
0.2110174672026184,-0.0967131118703923,-0.5449190868089497,0.3991361143520708,-0.0376347024248483,1,1,0.9536190476190477
1.1033018820165217,0.1142276486620396,0.1503017614618776,-0.3636122122138558,-0.0569456237210674,1,1,0.9637579365079365
0.3078017688920592,-1.7101683926566256,-1.348185422105713,0.743264094022715,0.1708654381279418,0,0,0.04444022770398482
-0.1839833363526791,0.0184339330653931,0.347581705361671,-0.5397596803093615,-0.7783047254023127,0,0,0.3193104575163399
0.1958452550976815,-0.978372777615032,0.4082527557144718,-1.7025836042378404,1.0291556373256436,0,0,0.0
0.472597482413043,0.2560297343138756,0.982690983945514,1.6654744444625766,1.0143700650181304,0,0,0.13
-1.8408742313316453,-1.2795769667357015,-0.6248185776956788,0.0260910502108337,0.517659020469123,0,0,0.0125
-0.7257438131534656,0.1867667644770783,-0.7553829323533225,-0.6115178029919482,-1.4066610968482225,1,1,0.9476791443850268
-0.9232332461109044,-1.3516846056163336,-0.9758732529773329,1.0536417966078395,-0.949398888831943,1,0,0.25
2.632382064837391,0.4933179008808892,0.1848361236948739,-0.8583577801812136,0.7003098794089914,1,1,0.9025000000000002
-0.5756378262377739,0.1220098146453614,2.5600845382687947,-0.0960598997246498,1.1492733262856758,0,0,0.01
-0.7031764251258874,-0.0349884904969617,1.77080063563551,-0.6269670577877674,1.8124485579969287,0,0,0.03
0.7077519354554754,-0.5624667758942676,0.632407739055521,0.97255444962673,0.6218099622171964,0,0,0.051142857142857136
-1.5702247198904564,-0.7271371758248686,-0.2475186355515047,-0.0744334291000462,0.620672097550678,0,0,0.0
0.1777010009332538,-1.3353443587101013,0.3801978510059632,0.6105857452838231,0.5597904479310398,0,0,0.011875
1.0807807255546218,0.8339221545489041,0.4591800792284367,-0.070165711458647,-1.6609609335159914,1,1,0.99
0.4296182191325858,0.2076876871631111,0.2715788371953734,-1.2767485758203094,-1.0810565404082624,1,1,0.7133333333333334
1.0531528533329035,-0.039555153856655,0.6815006973726244,0.0283183761304611,0.0297561394957451,0,0,0.15125
0.9382838059759976,-0.5160447282173739,0.0961207769409833,-0.4622752887050425,-0.4344962274323156,0,0,0.105
-0.3091721234686393,0.2221337716337128,-0.4787486216634773,1.2557561255735208,-0.8946073022195039,1,1,0.9856527777777778
-0.186871644161359,-0.4397310582741749,1.4469778843537329,0.1965547765115746,1.0318445394686349,0,0,0.02
-1.485560373036972,0.2670502658692588,0.889630795623437,0.0822839892754241,1.0654803750653512,0,0,0.01
-0.5172884501003722,1.40934744018558,2.2988981236192503,-0.362838560439659,-0.4455025214007718,0,0,0.28
1.453384477117701,1.5795721457307124,-0.5228600271532683,-0.4201868170958572,-0.2817846088605072,1,1,1.0
-1.344450511034277,-0.9186519464841982,-1.004140766752068,-0.7677975651041284,-0.0346848873867811,0,0,0.03
0.2342147325365207,1.5505004928140769,-0.998354040738791,0.9843223984765838,-0.2139888442255089,1,1,0.98
-0.0494637096524329,0.6748194921666038,-1.1227220215622986,0.3824097461840506,0.1664522082130561,1,1,0.98
0.4924512640081491,0.2891686439078181,2.4553001399108942,-0.637739984251316,-0.5309969550018176,0,0,0.09795087265675502
-0.6231405264247644,-0.5554771191602547,-0.6373871273065177,1.1890165311075518,1.4205042479898549,0,0,0.0003225806451612903
-0.5707462937494763,-0.8323555731042287,0.4714155563864041,-0.5522230442809712,0.6329318177555108,0,0,0.02
0.2029230208512997,-1.515744114997232,1.5475052013300616,1.7958776730955217,-0.6127886904843862,0,0,0.03
-0.3877015599359841,0.2858653907249049,0.334456789987025,0.6585442726728304,2.0102045387663496,0,0,0.11545
-0.1769472274940494,-0.7982972445384537,-1.3793192280145272,-0.7309300399419191,-0.033126972873797,1,1,0.6735805052790347
1.7945578635177877,-0.5176112990361714,0.2237879516388985,-0.016422896072752,1.188393273448084,1,0,0.3625526315789473
2.5269324258736217,-0.5308687729203206,-0.4894394425182221,1.044160877069072,0.6818914896263114,1,1,0.6882142857142857
1.8467073257360336,0.5839281853259639,-0.3592920907870595,0.5906548306923093,1.1087035805829075,1,1,0.9386666666666668
0.820482181197364,0.5072740311072977,1.066674689589154,1.1692955904456728,1.3821589910375272,0,0,0.11
0.6487098875896427,-0.1671180803168543,0.1467136864333228,1.2065089665083568,-0.8169356709872361,1,1,0.905
0.3686733088729012,-0.3933388123273607,0.0287448229348174,1.2784518626072987,0.1910990680199033,1,1,0.7532408963585433
0.0464365481561488,-1.3598561409799192,0.7462535660272207,0.6454841811410754,2.16325472330546,0,0,0.01
-0.3077782349530008,0.2191503276639389,0.2493836837107552,1.5774532797634744,-0.0952955323869521,1,1,0.8720770202020202
0.2790215257703392,0.6078965097165392,0.1866091231563581,-0.4464336145505282,0.1940899928983075,1,1,0.9009305555555557
1.073631749859772,-1.0265152994110602,0.132969674146876,-0.7001208149391732,1.1950466289248425,0,0,0.03
-1.5231869047837747,-0.5589218472715883,0.3772118750645208,1.5655240292343404,-0.0657502610729878,0,0,0.07
-0.5551995266931984,1.88115706944059,-1.448013900416244,-2.198805956620082,0.4400144500533324,1,1,0.9975
-0.5020542243526112,-1.0212328171307132,0.7083564472993533,0.2438007137711988,-0.5640786307367284,0,0,0.03666666666666667
-1.2803043986708944,0.8724573282801447,0.650201177958661,-0.0991758637793829,1.8466369960476656,0,0,0.07125
-1.0700847663261526,-1.5255251709247388,-0.6919080698812444,-0.0455860163554978,0.2433394493226918,0,0,0.02
-0.2412360578563298,0.3520553965142968,-1.251539424190444,1.4437646040732597,-0.0821511783925688,1,1,1.0
1.1172958315881276,0.3427253463777041,0.4567532191537839,0.5697672802322039,0.4477085600173149,1,1,0.9180333333333334
0.6427227598675439,1.3291525301324314,0.1965211697014701,0.7090037575885123,-0.0897356942872267,1,1,0.9991666666666668
1.4401172154494728,-0.6763923020592697,1.8009404329108156,-0.0401579506443434,-1.430775102118048,0,0,0.17
0.1281044149107892,-0.6810516574748808,0.8406435489887241,-0.6526239793023909,-0.4461834332147797,0,0,0.00926923076923077
-1.889540730945531,-0.4523063192490767,-2.4238793266289567,-1.5839028234857233,0.7604146561442974,0,0,0.18
0.7858001586508322,0.4254575617849647,-0.966976143129213,-0.0477113561419798,-0.0036025390905684,1,1,0.97
-1.1583646891925428,1.5033983017671506,0.8773622905756714,-0.2209641738296639,0.0268858389945307,1,1,0.68125
0.2083828079475524,-2.04173486842429,-0.2471773825205969,-0.6819842479977986,-1.0016200098949155,0,0,0.13
-0.2811002928859549,1.7976865268495226,0.6408428612670098,-0.5711789897827968,0.5725827813561586,1,1,0.9099047619047618
1.399355436586002,0.9246336829127688,0.0596303699201741,-0.6469367777055739,0.6982233136135899,1,1,0.965
0.3934853854217496,0.8951932200277323,0.6351718016819695,1.0495527153193351,-0.535235211560568,1,1,0.9291666666666667
1.3173940656343257,0.1975996046923996,2.075260872625265,-0.6891878180895679,1.7359638031652491,0,0,0.2
0.1979107834626478,-0.6514180036144483,-0.4838858340543215,-0.3203473081943201,0.4241659464019164,0,0,0.06408823529411765
0.5228354880354996,-0.573700003938579,-0.0243545922609828,2.142270358611864,1.7275431701007111,1,0,0.2572549019607843
0.4363236696740321,0.0380034781682002,0.1200313267182613,0.6135179727304166,-1.0227925651984056,1,1,0.9793333333333334
-0.2573765374233451,-1.6685840738775894,0.3992231226052792,0.647195939702741,-0.483186462299374,0,0,0.0026442307692307694
1.5739867632900328,-1.2257656630023412,-1.4643748802098202,0.224451818559972,1.0470983026121543,1,1,0.8643859649122807
1.6839276914578687,-0.45888426286894,1.0786808334312956,-0.0385084695007072,-0.1726272999408196,0,0,0.22
0.8836599374866724,0.6523228784134196,-1.5763921569842494,1.4765403497258958,1.3800913541474515,1,1,0.97
-0.6255627015095294,0.395803533437409,0.4940301862827388,0.2606737658239071,-0.5503051538454201,1,1,0.7829545454545455
-0.6716233679380516,-0.0255540709914452,1.172729019259365,0.5436001545944323,-0.3706143320861059,0,0,0.05878787878787879
0.7716987106483447,-2.8485426206300755,1.1487657003721037,-1.7397137787780996,-0.3624409414031321,0,0,0.01
-1.119669894626144,-1.2946814757209058,1.1608267873785194,-0.4677012013118913,0.3465038817307158,0,0,0.0
-0.046920578879184,0.4770408272231214,0.0768218910602553,-1.2829922241885696,0.99626681944714,0,0,0.21157142857142855
-0.4937565831613125,-1.556581898659751,-0.4281151609659125,1.5007597906343109,0.8502217421134929,0,0,0.02032258064516129
-0.3486521344078592,-0.3492577043184288,-0.3216350512173826,2.076747983560841,0.3819354522315533,1,1,0.784125
0.4300416471910696,1.0302834540318422,0.2387891590265135,-0.2590421458207031,-0.1963498490849782,1,1,0.9951666666666668
-0.0716012594140639,-0.0372222365098415,0.7276295436369798,0.0519458858072994,0.7326400772155792,0,0,0.08194166666666666
-0.0807165801085823,0.0786351903160905,-1.998200684532108,0.9163276747024814,0.3464884758979927,1,1,0.947063492063492
0.9980101098596522,-2.8962553781936893,2.0883747047807275,-0.1395896281551737,1.1081828167375165,0,0,0.01
-1.0399059271255309,0.6127739050625697,-1.053415563173656,-0.6237689606958051,1.914031353866786,0,1,0.5164285714285715
-0.1906824007633465,0.2174328731797228,0.8700677306887542,0.4956818879726046,0.1504189051435764,0,0,0.12185277777777777
0.3649610024662254,2.403415585238275,-0.0576187970335853,0.2010990467149675,1.050654396007612,1,1,1.0
1.1055259329579838,1.18703030556038,0.6387302220291846,-1.1430049127304835,1.633431532301096,1,1,0.7766666666666667
-1.146345393018688,0.3026354652390332,-0.7542758500193579,-0.0641383465929925,0.3287624103034804,0,0,0.2725833333333333
0.321357215450273,0.4219207542352847,1.613711269058647,0.4535343015139798,-0.2441566352906486,0,0,0.34456263736263737
0.9640871682883572,1.1894704889246406,-1.2276078151369925,0.597400069849858,0.7011727423108983,1,1,0.99
-0.2975635033599919,1.3757068133116197,-0.1500555870325267,0.1255764534715422,-0.1730718242838696,1,1,0.9985416666666667
0.0155790475814675,-1.0962750868952018,-1.4400508825942944,1.5945050632249722,-0.8469613483183278,1,1,0.8190909090909091
-0.9913923494563072,-2.153390113603715,-0.6389617476895022,-1.3230897934074983,1.642015160136369,0,0,0.0
1.009817089342634,-0.6881503451777238,2.2524358053443088,0.9817654869915944,-0.3248313835086224,0,0,0.01
-2.499405714873573,2.2909425725907417,-1.389572466763596,-1.6453987469568918,1.0225704320096405,1,1,0.87
2.439752406339273,1.3842728185105182,0.5639091200523596,0.594754341665286,0.8534155587803077,1,1,0.98
0.7589285897867651,0.2811914239693758,0.104201103951876,-0.0625931278995224,-0.7539645888666763,1,1,0.9893333333333334
-0.280675076866774,-1.6929568141953857,-0.0983396267947498,-0.9885911071509176,-1.103589317215771,0,0,0.06
0.1798941511534784,1.392002286344599,0.918316606002313,-1.570500603623177,-0.9896281365703375,1,1,0.939375
0.940771187988216,-0.9824873935383096,-0.2246331499970246,0.5500520990245519,-0.9683444548636352,1,1,0.9
0.1053755061459599,-1.3340254949182044,-0.6013676439512137,0.3197819341425369,-1.5929937335316693,1,1,0.8190909090909091
0.440474737960399,-0.0196377989266812,0.5524899544171478,0.2239141340646614,1.3641404299738442,0,0,0.3138190476190476
0.1252245026479072,-0.429405541125253,0.1222975030322837,0.5432980290363879,0.0488600703257043,0,0,0.15551470588235294
0.0405916912038823,-0.7019916878067554,-0.6629009175509482,-1.4026052717996935,1.7495767431869391,0,0,0.1013501400560224
-1.243863235391285,-0.6929051977959073,-0.7184072655691974,0.8949243769444413,-0.2949496782920278,0,0,0.06865591397849462
1.2477420726737338,-0.6734906242438685,0.2789941622238019,-0.8353470532597573,2.1451491277733883,0,0,0.0225
-1.1875984190295128,0.3098207102270275,0.6337768809320985,0.4137990974514982,-0.1852876588777083,0,0,0.17066666666666666
-0.1298206997334261,0.0438114719791096,-0.1470020016284886,0.9638791167949096,2.2105230015913517,0,0,0.07425000000000001
-0.5574917850078336,-1.3698029795790778,-0.0882820483512548,2.5797093376543185,-0.8036745679697308,0,0,0.1
1.6391168054440677,1.677700814076441,-0.5535882417079946,0.5689830791852754,1.628396623128538,1,1,0.96
-0.3791277409874871,-0.2035803601023617,-0.5816809139486437,-1.0147567306928669,-0.6492775450660071,1,1,0.7627099567099568
-1.2239402667622563,0.034083468259226,-0.7699732310586418,0.2337859117907477,-1.5558956462036273,1,1,0.9394444444444444
0.330880232214457,0.8335289616089246,-1.9937356425714556,0.3740565698475721,1.2276689924732922,1,1,1.0
-1.2096410186912054,1.6725723868377034,0.4190190093660452,-0.7050118557584089,-0.055769077657706,1,1,0.8575833333333333
0.5583269125217224,0.0760053914124115,0.5387559924463692,-0.9206735930793662,0.169360824036078,0,0,0.2703382352941176
-1.4137144969049802,-0.1112260613487003,-0.9039076414647896,-0.7355299425897666,1.2360931752104374,0,0,0.12116666666666667
1.091310120594269,0.609138120907177,-1.092312764672579,-0.3164084496948019,1.2130976999791834,1,1,0.9336666666666668
0.1417169136399047,2.319329539981694,0.3933178393943718,0.1920491164900316,-0.3091164642025014,1,1,0.9891666666666667
0.1335409047822823,-0.1524698363805439,0.7081086766885905,0.956702316794584,-0.7859894605079495,1,1,0.8403295454545454
-1.331232953557778,-1.8362053731032968,0.5079913269125437,-1.1033666061738736,-2.152890592952483,0,0,0.04
0.3885786045309641,2.4929995174327906,-0.0060709115398933,0.8384907744516419,0.081829358547565,1,1,0.9891666666666667
-0.0988896531911426,0.9190764829877686,-0.2902745441886513,0.2673923140719029,0.3216978061960136,1,1,0.98125
-0.6680904536430488,0.9920423495365228,-0.1749597566954086,-0.7557451594928447,0.5365098435704035,1,1,0.9179166666666666
-0.8984679817910373,0.0281811573691282,-0.0091189966442035,1.085895565831578,0.4746982328799528,0,0,0.14731349206349206
-0.0250269587451439,0.8177662992002871,1.3902075490173134,0.5578103063518622,0.0103526198433806,1,1,0.7489728758169935
-1.3118362323501596,-1.0651136630753726,-0.3052247043546676,-0.6095122021592831,-0.186971302985446,0,0,0.0
0.0566499248971071,0.5296927543567308,-0.0704987780590912,0.4865016438262019,0.0644744148101202,1,1,0.9920075757575758
-1.9754665663538715,-0.9393353938187544,-0.1440875557216154,-1.2096947428411076,0.5999287299962045,0,0,0.01
1.5307508323436974,1.2187618516973169,-0.213442870930208,1.490726136849952,0.1486674572021115,1,1,0.95
-0.3370859711180393,-0.6134026635409398,-0.3024696864881283,-0.3881768185412287,0.1704162223754877,0,0,0.028333333333333335
0.1605739810498646,0.0030460201534144,0.4369381697463498,1.190646274786341,0.9495541354413236,0,0,0.3529857142857143
-1.4848979684499035,-2.553921134901955,0.9343199112392736,-1.366878698415421,-0.2247654018926835,0,0,0.0
-1.1701130260593595,-1.80198043758002,0.541462728204788,0.7591551603026468,-0.5765104007267194,0,0,0.0
-2.59104229214491,-0.5462444482524828,0.3918040054025465,-1.4789115687741288,0.1833599197791556,0,0,0.01
-0.0153098491729955,0.5792914996010884,0.1195803684141532,-0.9730689408815556,1.196571501664491,0,0,0.18833333333333332
-0.15852957302697,-0.0273045395099318,-0.933267959073196,-0.4432822511915103,-0.8848027140269009,1,1,0.95
-0.172946059923423,1.7117084801423434,-1.3719011429313563,-1.6135613978767411,1.4711703274936083,1,1,0.89
-0.2093236771518661,-0.6690727386599166,1.0399046873960764,-0.6056155397368641,1.826009713546936,0,0,0.030625
0.6779258713392691,-0.4879114081457026,2.1573082132655035,-0.6057149230033384,0.742095372009307,0,0,0.0
0.2992925804064919,1.301741289398798,1.561511196726853,0.0320041490657666,-0.7534178703461835,1,1,0.959375
0.4599721429391164,-0.6777153697521061,2.013387247526623,0.1365353310827374,-0.3653215513121087,0,0,0.0372
0.1846803058649084,-1.3471262895296965,-0.9716140385106516,1.2004139079444254,-0.6568942789713957,1,0,0.4390909090909091
-1.0469109826819396,0.5366527525272862,1.185704154662997,0.7189533106650667,0.9960476858058164,0,0,0.08133333333333333
-0.7567950885694608,-1.4218106667418438,1.5013336519554867,-0.3226798388421357,-0.2508330164550473,0,0,0.0
1.328194141849058,0.5562300094006599,0.4558877720816076,2.165002344901084,-0.643518230380143,1,1,0.93
0.9278401280812372,0.0570131248970845,0.2685922788632569,1.5284684264125317,0.5078357562896237,1,1,0.8733690476190478
0.538296079049633,1.0725073373098022,-0.3649527295428853,-0.8392096673390064,-1.0448091940210336,1,1,0.99
-1.9663565893760016,2.056207129940322,-1.1032083657216831,-0.221253623585772,-0.2768132998889206,1,1,0.93
0.3074066978091007,0.8157372125392968,0.8604734883597454,-0.5830774385689385,-0.1671217137864115,0,0,0.2490724789915966
0.2825799504882996,-0.248691126183547,1.6073455760199926,0.4909749516382513,0.7348777860498175,0,0,0.0672
0.6628812686674127,1.173473857485325,0.1810215587037069,-1.2968319479558466,0.3996879517526416,1,1,0.9791666666666667
-0.651356893791829,-0.5286166817497568,0.5863640187550933,1.2382830714336357,0.0212715767360616,0,0,0.05
0.3088330125989638,1.702214944635238,0.2407531794885682,2.601683114180395,0.5655096456315442,1,1,0.99
-1.7607627591558177,0.7533416211045325,0.3811583848827777,1.2897527540827456,0.6731813512699584,0,0,0.4610119047619048
-0.1384559839837738,-1.2242982362893655,-0.2090232572860252,-0.8505204542093001,-0.5805234498047227,0,0,0.07308823529411765
0.5885784044206096,1.6699045043514062,0.3946715298229811,-1.1958830620351844,0.4446026682201407,1,1,0.9513333333333334
1.196631486645651,-0.6097829043193822,-0.1340171666729177,0.014688194729197,-0.78489831308224,1,1,0.84
0.648280433843859,-0.1209481486077815,0.4195324439070277,-0.8874921778021001,-0.4374583003234104,0,0,0.19108823529411764
0.7223813578277714,-0.372833152091767,1.7269638512334051,-0.3996361856146023,0.2246847257518859,0,0,0.01
0.93259083187309,-1.4183657329330317,-1.760808811980776,-1.5256563145700948,1.262584103427182,0,0,0.06
-0.5518581458924467,2.5581992856682523,-0.5642475986573886,0.1845513031970369,1.5421099525678756,1,1,0.8583333333333333
2.006092888159123,2.061503576636398,1.2083662305931424,1.0240625258114624,0.5925269492011831,1,1,0.95
0.7783610761666377,-0.5511857163285334,-0.8181988834223072,-0.003374457410952,-0.1701846225249284,1,1,0.8630952380952381
-0.4532280493272752,0.6963874474567153,0.9553052085705108,0.0884068862918473,1.4775300810552618,0,0,0.00125
-1.141689114133505,-0.1936594592797181,-0.7168223206028049,-1.86653661707306,-0.0826806858426992,0,0,0.11966666666666667
-0.1217475083832835,1.513449743242131,0.6308116845547775,-1.024186824329205,1.8540925663341885,0,0,0.26466666666666666
1.221033695525353,0.5820977034686158,-0.2264840988498319,-0.9594392367234796,-0.372206776071053,1,1,0.95
1.088748619704186,1.884586305934609,1.543243528272189,-0.4888494217862741,-1.1196174332890112,1,1,0.92
0.1408862469112039,-1.7684393655628516,0.3231677141847814,-0.1476025862986686,-0.4660365018682422,0,0,0.0026442307692307694
-1.5947030672667954,0.5136001065697166,-0.5327008396619114,-1.169916835710288,-2.8722622132816493,1,1,0.899090909090909
-0.0275149050506362,1.772251596669744,1.66125921454787,-0.4570962565862718,-0.6022120603617805,1,1,0.926575
0.4687742560750237,-0.9983854391882916,0.3017918998194659,0.7660802783846903,1.2269332238843076,0,0,0.012142857142857143
-0.1001540764799527,-0.2036737501769658,-0.877982586756561,-0.82688035403986,-0.2264788919015267,1,1,0.912373949579832
0.3673655068161781,0.9135846262332494,-0.8031789506803448,1.4926885689595215,-0.2711236010425688,1,1,0.97
-0.0213672943484361,-0.7472116791478234,-2.4242402602729416,0.8840453963610497,0.7368438970924334,1,1,0.8292142857142858
-0.2813275571182134,0.0669907172248719,0.5159392177040995,-1.562545856886543,-0.5290526773462948,0,0,0.14266666666666666
0.7942646796218271,-1.2542894231692494,0.2935579321666293,-1.356581804623405,0.4664299824335263,0,0,0.0125
-0.0356414822974835,-1.6151318159055097,1.1647393544571714,-0.7345915767980492,-0.810252437014381,0,0,0.01
0.2005691972309428,1.1486373494287152,-1.015821818978397,0.0616798498479716,0.4288165003305729,1,1,0.99
0.6931056072631441,0.1764415552772252,-0.3670278390833223,-0.8275902206487197,0.0861438830463747,1,1,0.956373949579832
-1.072139011985607,-2.921350483494608,0.4365598041576678,0.9039348410861952,-2.3629324355418384,0,0,0.1
-1.0097307047099375,0.6191542610051978,2.0574954697116987,0.0207937076754078,-0.7280029412291344,0,0,0.04670454545454545
-0.1828964411048401,1.3748764191481848,-0.6459641791245353,-0.7991920066502536,-0.4827435221820324,1,1,0.9882575757575758
-0.9533286082587124,0.1226703159947955,1.6246784584695606,0.3230792731160291,-0.2523535021262876,0,0,0.05
-0.2918112689155441,-1.563190808696657,0.883109777147159,-0.077837197012802,-0.1804799135906256,0,0,0.01514423076923077
3.193107567844861,0.2987529083656862,-0.7517910500951843,-0.4263575962055433,1.1484457091967548,1,1,0.9163333333333332
0.1132704105377644,-1.4382779783173667,0.9192289345752036,-0.668144085538994,1.8732977762175456,0,0,0.008333333333333333
1.0800480657146485,-0.4473218956587512,1.281016361735113,0.0678555105274033,0.8527736751222195,0,0,0.01
0.4847328172944747,-0.8463566549908735,-0.643549832317462,1.0299608175811612,-0.3347753321065408,1,1,0.6949124649859943
-0.4036484632419967,-0.955122579349353,0.423599065593461,2.062524919243145,-1.0675329142542729,0,0,0.1390909090909091
0.024219456672758,1.4122205554154292,-0.0796413912457151,0.4523717962497339,-1.0623935281468797,1,1,0.99
0.4283070972076486,-0.1871442650045487,0.985729995679863,1.1873860515647512,2.589563642018614,0,0,0.04
0.5796331732135757,0.3257963165821664,0.194384301577336,-0.3531662928106883,0.3384838434616911,1,1,0.957388888888889
-0.2954014101390294,0.1684609762696143,1.3175975356079597,-1.0065425652796411,1.1398785611290454,0,0,0.013333333333333332
1.3171150673398653,-0.1180685269910787,-2.1218548990085946,-0.6078219870944325,1.2969945465611092,1,1,0.7266666666666666
-0.0228680622988821,-0.9993022322949108,-0.5047749212282174,0.840620026504553,0.5467335682013793,0,0,0.0710088551549652
-0.2389320991696943,-0.3668244118146875,-0.3917581490438219,-0.9224101844985024,1.6153756894694418,0,0,0.0800595238095238
-0.3223204692113399,1.2171585208254965,1.5213160519224511,0.9983108981479604,-0.4316203127180484,1,1,0.65375
0.4037300903366094,-0.0241956063909161,-0.903701860730128,0.324359281721603,-1.1790397911598025,1,1,0.99
1.1876793884615635,-0.4646172972983931,0.2011596558728393,0.2832878715461421,-0.2589049737040773,1,0,0.4815
0.5866938014752747,-0.4749036566225244,0.8712972974572442,-1.3459796802467483,0.1263795795464118,0,0,0.02
1.9389289990582848,-1.0003313246055747,-0.6777449705248515,0.513907849658915,0.1795817819395979,1,1,0.9016666666666666
0.3506300992735592,0.4891871301476635,0.6347214685617699,1.1096998419562232,0.4098186569285125,1,1,0.9119575757575756
-0.2412576546185424,0.6725737012027313,1.899881934895216,-0.1326337463825735,-0.9745293046706416,0,0,0.16125
1.1070806692869728,-0.1203811639535982,-2.172669546014036,0.8474216771504216,-0.5353281859539227,1,1,0.9775
-0.0905332823041607,0.3319803305690145,0.1904996797790664,0.7094518171390395,-0.4354863705698433,1,1,0.9924204545454546
0.5131057981760827,-0.2595466775839172,0.738810480887503,0.6153674840130534,-0.9354387020445952,1,1,0.77
1.0859821161750325,-0.535963445114048,0.8080577982811451,0.3672873134013406,1.8381836767951223,0,0,0.02
-0.2234659823718521,-0.3493167961181975,-0.0194196058877326,-0.3031797828342754,0.7999419019420501,0,0,0.1500595238095238
-1.616310608436588,-1.053682419146354,-1.067802921579193,0.9503075919735756,1.7106133725819253,0,0,0.05032258064516129
-0.1044492185374715,-0.1688217231900106,0.0700521631131813,1.1618783026081905,-0.927353134190574,1,1,0.9360416666666665
0.2383689827347851,0.9751976297824296,0.5010941699398452,0.1895816165987434,1.0010460925671412,1,1,0.9001950980392156
-2.703232292999237,0.6778753195309076,-0.6540756831274238,-1.830632896856457,0.5112025995249807,0,0,0.11642857142857142
1.3736585451629575,-0.1374485146276918,0.9528745472029388,1.6122782579886454,1.3149144535840471,0,0,0.1
1.639964529371393,0.7421274910718922,0.0754336389015928,-1.6019658118971685,-0.2460624881299485,1,1,0.98
-0.8432465953161917,2.1709427174978138,-0.1758858124323366,0.1232048067844856,0.5514853760404675,1,1,0.9766666666666666
0.0436024463724537,1.695051040430753,-0.622649361734452,0.1946074552372427,-0.7424705856980482,1,1,0.98
-1.3200225112207058,-0.6117690909052854,-0.037036797048412,-0.4293022245172599,-0.692420979873856,0,0,0.03
-1.406317463671834,-0.0831055726286947,-1.5047203740310022,0.7600559636896026,0.0824397529345032,1,1,0.95
-1.4575514994649306,-0.3092090770498634,-0.7521564055905832,0.3191745104191804,1.3404504460231446,0,0,0.25858333333333333
-1.8751724696457448,0.1150260791474171,-0.1601327955666404,0.6713400764504657,0.2131966282376891,0,0,0.18858333333333335
-0.7519693317388191,-0.3190539356666181,-0.796025856803489,1.0760071385985983,0.0213116486719422,1,1,0.5716666666666667
1.9011906857530076,-0.0606608138146207,-0.7084067669104628,-1.5137143926128271,-1.803139676255945,1,1,1.0
-1.5841359430054898,0.2671266510114834,0.5087250232299338,-1.5811907020321334,0.8950383140761154,0,0,0.02
-0.4830610516834395,0.1467930119855493,1.6122206282554243,0.8968393158655319,-0.2685306479058323,0,0,0.0661111111111111
-0.8911922254152874,-2.151815401329305,-0.7191533192424201,-0.2111302388276944,-0.987179527151184,0,0,0.05
-0.1312569670923047,0.0768518829587682,-0.2248559818080785,-0.6500025808234597,0.1686546719667276,0,0,0.33001410109498336
0.441940649569409,-1.090399077442846,1.41093237974627,-0.0985881322842617,0.0188496229448476,0,0,0.0172
0.7082144232565571,0.2332161312635016,0.9531366339132452,0.2871241652018242,-0.6124373746404379,1,1,0.8072
0.3615035252061016,-1.1437262073206618,0.1085597057765231,-0.0332299906444608,-0.2081168572725397,0,0,0.021764705882352943
-0.1285375114389307,-1.881849045497639,-0.5487249077409615,0.0928449011411147,0.1598563919974003,0,0,0.047295619860847564
-1.027675140925958,1.265707840864701,-0.8661748482145009,0.9694572005267368,0.4271943618716848,1,1,0.96875
-0.646227309843803,1.775310892609512,-1.19363683175648,0.9191541736100016,1.0005823180429785,1,1,0.95
-0.6706202090766449,1.3924653000643288,-0.2500465145989528,0.288693629279857,0.2603218387712207,1,1,0.9570833333333333
-0.1343087414705478,0.8108082731597821,0.793488720552213,-1.7485319732381808,1.3043402428781523,0,0,0.08620000000000001
-1.6624919880356743,1.0325462043416571,1.126705136827583,-1.0909664302151982,-0.4108142879545848,0,0,0.07
-1.1057046684859355,-0.2149210302887353,-0.3080342841857412,0.7796605322693398,1.3103087461196083,0,0,0.05025
1.395683810789956,-0.5621680265783021,-0.2092218737445277,-1.6834381922209505,-0.8058700664961888,1,1,0.778
0.9648516330974576,1.6155828235482317,-1.234348871879922,-0.5924642591528942,-0.026405756958927,1,1,1.0
0.2801611588196068,-0.8096035199216461,0.4240610444640897,-0.4738393470709161,-0.0144522708782791,0,0,0.034375
0.5462842480036996,0.0064222698109378,-0.4363858905265686,-0.1096098039258308,-0.0883629592053353,1,1,0.9877857142857144
-0.3700110298821277,-0.2587960626671023,1.598647170504717,0.5609194479412387,-0.2954803180291603,0,0,0.10111111111111111
0.6969544045107356,-0.3338194897560099,1.173124637586641,0.3696421921980939,-0.1073021440042288,0,0,0.08844999999999999
0.4477169258102776,-1.5708761520684993,-1.1267674689098053,-1.1939250063990554,0.1429430947637067,0,0,0.01
1.732514999485092,2.2313001461926323,0.6380511014407572,0.5008444749444569,-1.801057734152739,1,1,1.0
-0.5426737997340217,-0.7877837519082389,-0.620847598251116,-0.1681438185847896,-0.4720905776971273,0,0,0.07575757575757576
-1.979299810375788,0.7479102561175338,-1.0727430257398065,0.2392468641111495,2.074082669749973,0,0,0.23642857142857143
-0.9193845915864234,-2.5302875227463297,-0.2860042218801108,1.100959634998571,1.9583474542205936,0,0,0.0
-1.2295495944524168,0.4966992232365217,-0.4653104567800533,-0.1059483543041356,2.6443433470170348,0,0,0.13142857142857142
-1.5029703283951532,0.2537396614945734,0.4676931717654332,1.0857863249393471,0.0979831534708954,0,0,0.10536111111111111
0.3080505395041023,-0.3916485674217911,0.2691269412451073,-0.3431922754974105,0.6215718898560508,0,0,0.09171929824561405
-0.3696103360436339,0.3771003939021864,-0.0292628136849783,1.126050250772168,-0.0513937235884862,1,1,0.9776325757575758
-1.7730324682068814,1.2619215007139917,-0.9057323008626188,-0.6537663386488198,-0.5956612940434921,1,1,0.97
1.374438093170817,-2.1356742139786955,3.1377485336599937,1.0560568090660518,0.2232389141291596,0,0,0.07
-0.0548940006162863,0.2855540748576569,0.5211224283793383,0.645215585950057,0.5556044660034485,0,0,0.40466590909090905
0.0895806812552488,-0.1973384203073261,-0.1512732836535117,-0.194908280352681,1.1337700968670643,0,0,0.20035714285714287
0.5935567222808619,-2.94038863466428,0.655900776529761,0.1947361947187748,-0.0187087564458974,0,0,0.0572
-0.3885184530888858,1.1241127199860137,0.9475264621228578,-0.7728776678236091,0.4070522871245351,0,0,0.14061176470588235
-0.971656734541286,-1.3796181647889303,-0.6267172245899651,0.8623934723827588,0.9531250453760868,0,0,0.0003225806451612903
0.513085420097293,0.7250957868479971,0.5161782871149584,-0.6414815952229522,0.4319225446739406,1,1,0.7281629912571088
0.8004095252276823,0.7542913298135743,1.188913371474643,0.7083038472010638,0.3514482075415829,0,0,0.16774509803921572
1.0701502383164274,-0.02652125924906,-0.8818746512277178,-0.1630669639437638,-0.7449026448064491,1,1,0.99
-0.6751782749743815,-0.1445186707155178,-0.7924199209999613,-0.3079615296390403,-1.8936146669537857,1,1,0.92
0.2132937073729385,0.0012054753622242,-0.8170886310681906,0.6592456684324051,0.9375701376265584,1,1,0.8721190476190476
-1.607559864368974,-0.7627247785662142,-0.7691423497872982,-0.9399031011088648,0.8294748419317485,0,0,0.03
-0.1938261387728035,-0.2645148413106107,-2.003862364406753,0.6354180302092264,-1.2392583948534726,1,1,1.0
0.0599326302663282,0.2773769379581917,1.360658595838651,-1.308820399119112,-3.0195121558208253,1,1,0.755451923076923
0.1838495447536948,1.8005111815108537,1.2389463529394371,0.2096594152746257,-0.4916361856320473,1,1,0.996575
0.8071225966373103,-0.9735461997044688,0.4763577693562192,0.5054701591666269,1.0602099074988798,0,0,0.06
2.7596600389110777,0.392415967178767,-0.5089636257074988,-0.0255743121919944,-1.7690759048891185,1,1,1.0
-0.6947131310890582,-0.409282438113104,-0.5240883979345925,0.152354872033722,-0.8224199323822006,1,1,0.8522222222222223
1.1210306673244714,0.000207064918197,-0.0093003211386144,-0.3278947165129178,0.1551906838589791,1,1,0.927904761904762
0.8250982646676347,-0.8671302157109003,-0.6581164890752567,-0.3037260287766646,-1.345870923473215,1,1,0.95
-0.8192578597214978,-0.476220873544659,0.8743891807127275,0.2625613290019249,0.1935899113675443,0,0,0.04
0.8508979621679722,-0.1373717883993966,0.3904648499288896,-0.1032217529324962,0.2653623493996284,0,0,0.2503388888888889
-0.5827586576115821,-2.438817158276429,-0.1342791621863041,1.42274813609994,0.9262154022415924,0,0,0.0
0.9653974845911708,1.236130721806218,0.0886575909614374,0.1973157074055956,-0.6176518954343502,1,1,1.0
-0.3160728560270497,0.6157711497711416,1.2038844371688162,-0.1394462756809995,-0.4501892648514116,0,0,0.11020454545454544
0.0005279588565972,0.6012067489291149,-1.4438548161335418,-2.296180953137238,-0.5505368494915835,1,1,0.9883333333333333
-1.2207124259141586,-0.5081401976473109,-0.1477803188174715,-0.4532484090230134,1.4524675344707454,0,0,0.020499999999999997
0.32674476460232,0.3004743596108283,0.6222071440434019,-1.1388331177807691,1.0391117874202689,0,0,0.05227142857142856
-0.0757642865354598,0.6704806172412126,-1.0718572330401557,-1.5537587660160643,0.8178896580250287,1,1,0.6394047619047619
0.3764095260975166,-0.9020515543575104,-0.8696630812746944,1.1254347844147694,-1.1894118928673278,1,1,0.9290909090909091
1.6426729532559634,-0.9006207346478687,0.638391925608383,-0.3286184757489846,0.6031874310823431,0,0,0.09
-0.5441140021141926,-0.1627929060722942,0.0409191753957211,-1.0021874557814727,0.7408243454201259,0,0,0.040749999999999995
-0.5132135664715852,-0.2285999153400185,-0.9943493746085122,-2.5623336587953105,-0.191027762600169,0,1,0.5263095238095238
2.412615421612916,0.7846042878980238,-0.0192603797343946,-0.2628908292082677,0.0224658928120463,1,1,0.99
0.54711911517521,-1.1808128153088449,1.114321694668872,0.7153813154412441,0.7181857257079345,0,0,0.0172
0.4384757388097273,0.0196166576939899,0.6728612359668199,0.591814133741378,-0.3540407109410238,1,1,0.8644857142857143
-0.573601772896901,0.1018562952619867,1.5490201514951871,-1.2391070756539009,-1.46752526575244,0,0,0.31
0.1647608412365167,0.050887701856018,0.1733416643704082,0.2439531979085002,-0.2232022546348051,1,1,0.9349182900432901
1.489863438602082,-1.6009039784765156,-0.828497024780246,-0.1032547601490473,-1.6431888111541673,1,1,0.87
-0.1758544044320711,1.6614701657280182,0.0208864882959617,0.2307009057186834,-1.2601647651725802,1,1,1.0
-0.6163614080394775,-0.375196380323937,-0.317715096756234,1.281643795003769,0.5576910607251245,0,0,0.18805555555555553
-1.111457956937032,0.2465047784320048,0.4982217484967851,1.1401490385212665,1.5805406865683735,0,0,0.03091666666666667
-1.0150941918278686,-0.8108575112103382,-1.2575778589146165,-0.2340198591069813,0.4663583744463345,0,0,0.11
0.987334516589102,-0.0759510236425227,-0.3198475232548439,0.1517579922487403,-0.835142901630023,1,1,0.9993333333333334
2.0895387216947734,-1.6076610271180587,0.1847405788957244,2.02360621922964,0.0067998445599977,0,0,0.12
-0.1900390350014944,-0.3574454228104272,-0.1803916817624078,1.3728484746765302,-2.211861911329507,1,1,0.9124242424242424
1.5334337012963255,-1.423957152450145,-0.2666523292344148,-0.4292444202986618,0.5885532697707198,0,0,0.2725
-1.5981243518837476,0.4621726660819428,2.0243096232868525,-1.3631740045928105,0.1897061676103956,0,0,0.0
-0.6619821777966091,0.4258872061930357,0.019147777415752,-0.6414869090443096,0.487872284871074,0,1,0.5475243824802648
1.804348109786743,-0.1909037917272986,0.7197579421481819,-1.2932729578711637,-0.9564363768180087,0,0,0.135
0.4724062778803773,1.484116028535965,0.35561334878566,-0.3130580305231543,-0.0007085945766459,1,1,0.9991666666666668
-1.2504077339697175,0.6045153263553668,0.8823330623234091,-0.4520903328330803,-0.4700421477595015,0,0,0.11125
0.2658782296520485,-0.4367197360405955,-0.0661326146258224,2.0997217891665154,-0.2470257007459966,1,1,0.601764705882353
-0.3583401520212222,-0.6475418056351592,0.7441919714999368,-0.181224173218103,-0.649373038321426,0,0,0.0625
1.321304032273012,1.4196030045136372,-0.6004235657387051,-1.866539951360616,1.007513689836922,1,1,0.935
-0.684629825760004,0.7906255991627686,-1.9701038177118355,0.8925973382993092,-1.2111719292807812,1,1,1.0
0.7307641190665245,0.0142730678364341,-0.9539394193966448,-0.4070363129267805,0.6863184569567008,1,1,0.9772857142857143
0.1058944531152342,0.5844129804724842,1.976440584515485,-1.5642416117110514,1.617212574968624,0,0,0.013333333333333332
0.1043559375232129,-0.8987840483231282,-1.3303136257389898,-0.1891203907770335,0.9216501119244592,0,0,0.09904761904761905
-0.1275491203775342,1.5111549302473477,-1.4511756900515589,-0.0120889478460545,-1.252393444413119,1,1,1.0
0.3636318826249679,0.8868873900973003,-0.4207617936810532,-2.6042138566271342,0.1989481467964945,1,1,0.9520000000000001
0.4367385517335095,0.4042947549616976,1.235782191822154,-1.0710536796490489,0.6802161054504494,0,0,0.02333333333333333
1.192507512477975,-1.7785875840065168,0.3196518259189772,-0.5041798310076715,-0.0815226731016458,0,0,0.04
0.3476764835383363,-0.4872285641135523,-0.6757080791616118,0.0341524174880246,-1.0872459388628026,1,1,0.9740909090909091
-1.0858251288851857,0.6793732829565033,-1.148794035158656,0.6663125009092119,0.4625912928539512,1,1,0.9733333333333334
-1.7258067287905967,-0.6775646523356551,1.1941094030473725,-0.9811655311396816,-0.4644042623093876,0,0,0.01
0.4620608932518965,0.7833905092825955,-0.2515388860444957,-0.5975101946916416,1.4223698616985077,1,1,0.874090909090909
1.7388996637975789,0.9788580507817954,0.085318142565024,-0.8082657216409264,-0.8304444065565653,1,1,0.99
0.5225141052657575,0.4183982208886837,1.4015985929464294,0.6504500925361392,-1.503080301759818,1,1,0.8710769230769231
1.0519476177229186,-0.9980606273144128,-0.3839712719523516,0.2502002062516945,1.9956674897839644,0,0,0.17688596491228067
3.109918556005361,0.6067230591361827,-0.1831966187203878,0.5345056484805503,0.8876554258738361,1,1,0.95
-0.3206676255571917,1.7952113559123222,0.230070759191402,0.4977430890913942,0.6659242520544614,1,1,0.999375
0.4215866106144557,0.8389405004696122,-0.6172531865469232,-0.5583017539460305,-1.100154232971695,1,1,0.99
0.4395012306202264,0.7789365035121141,0.4577728661518858,1.6744924333475373,-0.0055960188290465,1,1,0.9635784313725491
0.6687416555925126,-1.0917008761393143,-0.387099702474401,0.6955377575657775,0.849102110743144,0,0,0.05497420020639834
-0.2939669476641822,-0.0715992518580668,-1.5178737466808094,-0.3570292008066094,0.8903831635197862,1,1,0.6679999999999999
0.5752050161065663,0.5006657213812097,0.04977368718096,0.0070631586281764,-0.6603211394734471,1,1,0.99
0.6988284202025348,0.4209729443893898,0.4920188479927992,-0.5260348426675804,-2.1533429198712444,1,1,0.9394771241830066
1.0971527117536957,-0.4788374560084041,-0.8627757640431206,0.6934789119139937,-0.3920126399191296,1,1,0.9533333333333335
1.0599363840466218,0.6170059495766975,0.6835693232004776,-1.3659557112005345,1.2119439853864005,0,0,0.07786666666666667
0.261250531233856,-0.3692771392462031,0.143388467342251,-1.77623523289832,0.4086528114806708,0,0,0.0305
-1.0293715081820716,-1.3526702858435344,-1.5223591862178911,1.1126883749899252,-0.6292633936927887,0,0,0.05
1.5337277099164992,-0.5358014630522978,-1.7073579575929467,-1.1165244399486591,1.235811620006939,1,0,0.44
-0.1558981779366675,-0.5482872964906009,0.1600182258527877,0.501782736167545,1.1173988159024608,0,0,0.070625
1.4484992298929262,-0.3597686457890857,-1.3260476860820385,-0.413465161123276,0.2602805065828861,1,1,0.9009523809523808
-0.9637589262106108,-0.9571509148950428,0.3437878815498854,-0.0486523515704511,0.0327969954115865,0,0,0.0
-0.7584953347000695,-0.2304007142057673,-0.9242331442683044,0.8901984111247868,1.0352493347237526,0,0,0.16149999999999998
-1.8461878622380936,-0.92951086019241,-1.496529255090079,-0.6500239344068982,-0.0834379697903608,0,0,0.064
-1.44964521969853,-0.9218598131253132,-1.0039573720814985,0.2072673293989439,0.0693443370362504,0,0,0.01032258064516129
-0.7217375533372533,0.1768208721393979,-0.5466800845872654,-0.2716551103260533,1.673452090298537,0,0,0.09191666666666666
1.340461051790348,-1.2995812369275976,0.8297324178791745,0.8113965544915921,-1.1482632887526183,0,0,0.06
0.8187776437548606,1.5379319184125528,-1.122544806244414,-0.9175028210142636,1.0176614668435024,1,1,0.985
0.271495310825648,0.5514762752395233,0.3405892164004968,0.3906959209281441,-1.326472128311083,1,1,0.95
1.0473177066214483,1.1695899924277735,-0.2293907440680277,-0.0434769498138624,-1.531107502555722,1,1,1.0
0.5142547560178349,0.5720574417141441,-0.062191016999311,1.1243533598705029,-0.3340772309799405,1,1,0.9891666666666667
0.5646059258936003,-1.0196643386921156,-0.0235521508742381,-0.1743542579028358,0.2253079220409415,0,0,0.07735294117647058
-0.3695269288333586,-0.1314725956716678,0.8260471714415063,-0.4367642372382174,-1.606577100738679,0,0,0.33333333333333337
1.7495839042054206,1.3814540786904863,-1.2922626951056186,0.6897078052451944,-0.5029747705513431,1,1,1.0
0.2634872153310595,0.2942241290134937,-0.234407800316322,-0.7837656655863965,-0.6905410523162594,1,1,0.8737072829131654
-0.9161919154812423,-0.8318222082304447,-0.0671782900493552,-0.7157599891107518,0.6820520657126199,0,0,0.02
1.4872461553359273,-0.580053241370043,0.239404500535377,0.4996851103029338,0.4720022709192744,1,1,0.791719298245614
0.0759552679160874,0.7426824183597224,0.4822489526806572,-1.2376624223272978,0.8691560643892732,0,0,0.17227142857142858
0.8872908372667421,-0.7632861041785816,0.037937835447602,0.6833289928110694,-0.2093138195793615,1,1,0.6733333333333335
1.0729780477660118,2.3638724946193608,-0.7859860326349823,-1.3810446031537749,0.3038185956048757,1,1,1.0
0.7215625051261435,-0.2308663738447689,1.4532606633210343,-1.3386057997232488,0.6929186230316111,0,0,0.02
-0.6058608207588934,1.7193779062072967,1.9925153531681183,-0.7666565877833479,-0.5495571359085801,0,0,0.21
0.8595878869798019,-0.3871306497895146,-0.0454112179322382,0.0253884205424101,-1.9196731561976563,1,1,0.89
-0.0138377460942372,-0.6897277740641738,-0.493122822399772,1.4436320034688142,-1.2565068942792563,1,1,0.8796791443850267
0.8132051867479773,-0.2789629303318085,-0.2797601684958344,0.7903718960517113,0.3400512945688904,1,1,0.8788095238095238
0.570612997219531,0.9681846605328612,-0.3313083831833227,-0.6122367345077503,-1.085150526557798,1,1,0.99
-0.8254105299789551,2.949094425308725,1.2446795807367868,-1.3510743662080211,-1.32245795674357,1,1,0.89
0.4818660617184915,0.547264797377967,0.5488838353173644,-0.2549557935536978,-0.1254542600029002,1,1,0.9077162698412699
0.3278795241593574,0.0858930062933304,-2.219300372747535,-0.2297996305751938,-0.8514064342603136,1,1,1.0
0.175211418908512,2.98525900260341,0.3674816654743044,-0.3135296861723979,0.9218015019772522,1,1,0.8985714285714286
0.4826878872092127,0.4200944904518413,0.606850593215671,2.0565435648295414,-1.1308884353259157,1,1,0.98
0.4736320768114544,-0.9263811299815384,0.5555126463422483,-0.9186865114860944,-0.4173668136050844,0,0,0.06875
-0.2950899142379063,0.975816719344709,0.9184544439424138,-1.2457173764463845,0.0549341109998487,0,0,0.11500000000000002
-0.7095798547491726,-1.2585049106753343,-0.2170170504243704,-0.3084827884558197,2.4267164863455224,0,0,0.0
0.4329598253606961,-1.3776175007542373,-0.5647740041709423,1.0213832954293984,2.088442772869925,0,0,0.013518069366965802
-1.5859833122379583,-1.879924385139045,1.8709651753717824,0.3896141773709038,-0.8682927318763665,0,0,0.01
0.5346290861224353,-2.6357477390168778,0.0033755065971609,0.3278211728430852,0.9242701395378298,0,0,0.0010526315789473684
-1.0138959522925377,0.085687161403359,-0.9254246260595872,0.2553837556743171,-0.8953463223630241,1,1,0.9694444444444444
-0.4081008391602206,-0.9958153947902292,0.651136241823657,0.8584511166566653,-0.2346205699574138,0,0,0.032
0.0382379949600283,-1.448591414633544,-0.299676648006787,-0.0502046170417447,2.620793091029975,0,0,0.0
-1.1119670257741636,1.4641772387524374,0.996858773465808,0.2806364044901364,1.7586204841951334,0,0,0.15125
0.3721054726068629,0.3891591956679287,-0.0531206530175453,1.2235688824186275,1.0964692338108837,1,1,0.9103333333333333
-0.6256772874962124,-1.3192471945987674,-0.202980637395657,-0.8000385643976464,-0.0635245746153551,0,0,0.01
1.2374381346841392,-0.45730165508679,-0.0428233813115748,0.0580227348083952,0.8484308822052846,0,0,0.4759335839598998
-2.246889333984605,-0.6067002947652967,0.2112836922794727,1.2000789564268612,-0.4919024475062051,0,0,0.095
-1.876552706041874,0.6197114459661363,-0.6353623888256293,-1.1896666590903613,-0.6243453897132241,0,0,0.2982575757575758
-0.1845253576558495,-0.6047446645382127,-2.205566057099069,0.8970661968871322,1.2748750412787222,1,1,0.554672619047619
0.6515219913395057,-1.1376856704248166,-0.2014915339475179,-0.006521315229458,0.5987943895619102,0,0,0.021640866873065018
0.6683404887180808,-0.7341737987784958,0.0819955564135604,0.4572804046152411,1.4558223221467663,0,0,0.043552631578947364
0.7045065398247231,0.7890566873755189,0.0838266279293609,1.4104591452035038,0.4097627959594974,1,1,0.9791666666666667
-0.8610879101735704,1.4033699701251907,0.6979032725390276,-0.4430440211284823,-0.4794929673992433,1,1,0.8604166666666667
0.2965755451407618,0.4631847952675847,0.1972922656312064,0.3113086734428849,1.6999573745763803,1,1,0.8086666666666668
1.0715431522348855,0.1906355912650243,0.9413105807674832,-1.0325239035275395,0.3979270499468089,0,0,0.08245000000000001
1.80930634973311,-0.2180458953923738,-0.8476339286190848,-0.6520888885930607,-1.0896330373423884,1,1,0.9475
-0.7847619081277034,-0.370508098590029,-1.405567019178642,0.015618333949603,0.9022771737866472,0,1,0.5003888888888889
-0.9077561801469204,1.5192839236417688,0.5107920885275947,1.0305805856240573,-0.6578345538521371,1,1,0.85
0.8545252270666157,-1.091933900395313,0.8902475008365087,0.1718393397935312,0.5532512199847837,0,0,0.02
-1.1755946056248516,-0.8950698422766047,0.5972282182533848,-0.9483480042242008,0.463206292099123,0,0,0.02
-1.3671378064602455,0.8481742126666681,-1.232523314768509,0.5522999376795232,0.6256309336460009,1,1,0.9333333333333335
-0.6967718184295749,0.5820265670847269,0.2604422633335559,-0.5388418561927383,-1.008554684076208,1,1,0.9684722222222222
-1.962625691672579,0.3496500472996937,-1.5648027713620551,0.0953441994413082,-0.2634482160822491,1,1,0.8891666666666667
0.6791427754381955,-0.3020454994898642,-0.3294477863470914,0.7318707042882956,0.3350580290841175,1,1,0.8267857142857143
0.3161559571827783,0.4692675898085262,-1.5355721232071058,0.756788679986982,0.6124687940136023,1,1,0.99
-1.0166831285764972,-0.2440804736742013,-0.0393072876276311,-0.1344967844017327,0.3338599665685346,0,0,0.02025
1.4313667818311837,1.0817667276728289,-1.3122191934314065,0.6220699903060487,1.3289333195354096,1,1,0.97
0.3868085206892026,1.090980425185967,2.012270445700765,1.0237095461069814,0.2493085956417288,1,1,0.783278431372549
1.0450884740847537,0.1448878330968911,0.0239030432849554,-0.3514142357137325,1.5634133588321082,1,1,0.7986666666666667
-0.8184286659420014,1.532367724678116,0.4998641237403713,-1.3993061748019415,0.3676492929914216,1,1,0.9171666666666667
-2.100026507651624,0.6255080168310357,0.885231482988991,-0.5923559556520536,0.1235476959555823,0,0,0.025
1.9541574337502865,-0.5057467042619367,-1.0589075870566005,1.4816634024625988,1.9625871905307948,1,1,0.8566666666666666
0.0036956718478473,1.0114630354083562,1.341475915530881,-0.742484232538384,-0.4853058353678683,0,0,0.23745192307692306
1.230874513154735,1.6850142787085094,0.5628808601743548,-0.8798143535020543,1.9870611116994408,1,1,0.8504999999999999
-0.5309708978119645,-0.3351377811714517,0.3423378344896214,1.554160420714774,0.8539759765522237,0,0,0.17
0.4148655003619104,0.4632885301181062,0.043514668643466,0.5581395145185063,-2.529560077694303,1,1,0.97
-0.2966074590697983,0.241321934916781,-1.151014083619507,0.38632331781156,-0.2044712209861215,1,1,0.9844444444444445
1.75547569831549,1.5730197252148563,-0.4658055691181628,-0.1508377115666953,-0.0739475656083926,1,1,1.0
-0.4516594761596227,0.1950249840281267,-0.7582820688875902,-1.1306153349375263,0.6227112239002686,0,1,0.5048409090909091
0.6295295842218108,-0.8043157596599924,0.8953554307625996,-0.6315777291653314,0.2531652380379812,0,0,0.01
0.820344012612456,-0.033612564703713,0.4547409121411344,-0.5164296438875717,-0.1964665834280971,1,1,0.8084370808929633
-0.2058594308803403,-0.7465783465402389,-0.1767741631157821,-1.5486182988637467,-0.4911537471421047,0,0,0.16264423076923076
-0.2848754933696708,-0.2561797524953801,-0.2414974458707788,-0.0617641998601289,0.4794415180860639,0,0,0.09060714285714287
0.8745170741325226,-0.6497652268482671,-1.2032008553891445,-1.042044412243103,-0.4872029211949271,1,1,0.78475
-0.3519213178165091,-0.7699960661974573,-1.2961166642498945,-0.4561208274741882,0.1814266201139713,1,0,0.3604779411764706
0.5950294658355647,-0.5574230531083212,-0.412997822143434,-0.9266983088473107,-0.0314391703747764,0,0,0.08442156862745097
-0.8484286341908146,0.5731278132412001,-1.7858664919341112,-0.3596296724524624,0.3011073391917421,1,1,0.9508333333333333
0.1838345163225043,2.6930336639804966,0.3498000245679075,-1.0040545968420105,-0.095464247089073,1,1,0.9611666666666666
-1.7762463334664518,-0.0805997492967608,-0.8330560570007587,0.9153902755601616,-0.5495402745955349,1,1,0.9166666666666665
-0.1167659157952466,-0.6355578414044034,1.7388513518533313,-0.3212427661179117,1.8325570434792016,0,0,0.023125
0.8141517621182666,0.4820667273353861,0.3687331473175197,0.3937972982162515,-1.92767257934561,1,1,0.99
-0.2788833941507565,0.8451579711843216,-0.0488971834741055,-1.405189846803575,-0.0524044505774694,1,1,0.98
1.7041055162554912,1.2468917155347194,-0.0620040093660317,0.9514492770580866,-0.3665070203680518,1,1,1.0
-1.703871586826719,-0.9244659881295544,1.5628887685081978,-0.2739930818293042,-0.243383979375018,0,0,0.0
-0.2998381962748805,1.904136589573007,1.6259589153620633,2.218780233448134,-0.1590452104000513,1,1,0.94
0.295624488747095,-1.5166425494207911,1.4769344261182744,-1.167779551267935,0.2167755637626291,0,0,0.0
-1.097302527632844,-0.5888668267386961,-0.8372624310497003,-0.6078752606758179,-0.5391227031489786,0,0,0.1085
-0.5482687949250771,0.8333339117803071,-1.10486279306252,0.2205414270138668,1.2179591523055584,1,1,0.945
-0.513196364513396,-0.7179188907476018,-0.2305246251802508,1.1797252083607102,0.1941076309533577,0,0,0.06343137254901961
-0.5312142946075985,0.4838766511880397,-1.102292149836423,0.681359510442948,0.4086073077017676,1,1,0.9875
-0.3078084711388841,-0.838585798447231,-0.8866809222834573,0.5348173363459102,1.228980502489062,0,0,0.09142377112135178
-0.6373077470287948,0.4583867035514842,-2.0870270186020687,-0.5846177306571996,-0.0310589328709019,1,1,0.9771666666666665
-0.9096834169818336,-0.936506374789596,-0.6677795564688862,0.2921927283263731,-0.1873290184063747,0,0,0.02032258064516129
-2.238231233324972,-2.120700152635066,-0.6068651778571754,0.457686586053552,-2.7475048427252347,0,0,0.27
-0.4997301761516306,-0.5262478565174211,1.3883377782084478,-0.3850218117128636,0.3829889847409284,0,0,0.0
0.1412571400874632,-2.1305664798072006,0.7682072166317373,0.2153965054562879,0.5082686396745896,0,0,0.009075
3.926237706436327,-2.0841129394985884,1.7246966497611085,-0.2874475194003555,0.2873289044030093,0,0,0.11
-0.0455122453012421,-0.4242363333980435,-0.5698329282387588,0.3295087355730091,-1.5171736966716791,1,1,0.977979797979798
0.7505791675217656,-0.4161944048852539,-1.1300693390403578,-0.4500128579958137,1.2571492168625729,1,1,0.6866666666666665
-0.5353350870162231,0.3584536182096202,-0.7309562757154733,0.7579218499236196,0.6855077387902041,1,1,0.8601028138528138
1.8486088332964117,-0.1755639454992155,0.6686548047579066,0.0980675395389445,1.2958717818630143,0,0,0.1202
-0.7188323876087304,0.7450053128772811,-0.1946972961166816,-0.0641881771084977,0.0917524844483728,1,1,0.9104166666666668
0.2522403964266774,-0.1162290431219581,0.2147131831705263,1.5781180575621845,0.9854496856152184,0,0,0.16105263157894736
0.8691545924968965,-0.4555395260238707,-0.8892408282283243,0.9553005582377528,0.8760467925297942,1,1,0.8723621553884712
1.472670675750982,-0.6039806259692295,-0.229548655360347,-1.6394841625254342,-0.3924711060608729,0,0,0.16583333333333333
0.9965705105794472,-0.4664953792281979,0.6404797952008238,-0.1905031059978113,0.3240570282215606,0,0,0.10769999999999999
-1.147691389815667,0.085209449633901,-2.9911359709007237,-0.1868961581619848,-1.63047324371514,1,1,0.97
1.205994516546816,0.7774073527645112,0.466670981966081,1.52100622715938,-0.9489165208248372,1,1,0.98
1.7473631979155582,0.9321915642603849,-0.236555287218946,1.135620147182944,-1.1062935124116342,1,1,1.0
-0.8245141615276735,-0.6085897232397004,-0.5289777080640152,-1.0565576427602528,1.223083067095325,0,0,0.01
-0.2588544003698316,0.3525049683568795,-0.5703513664136806,-1.8206033005485167,0.2700573583914221,0,0,0.32212499999999994
-1.9122549754197768,-0.0686340460854686,-1.3683150388328105,1.987275999230808,0.9113627221747216,1,1,0.8266666666666665
0.1057537912714804,1.2637066776546686,-0.8463159774657358,0.543479378670093,0.1998104337187135,1,1,0.99
0.26402008133367,1.2723535001067678,0.7324921027798023,0.2887236628250232,-1.654887436228296,1,1,0.98
-0.9600462952794636,-0.1227089335957241,0.0933723742766512,-1.1302037246739238,2.411676675578421,0,0,0.02025
1.5163940552535728,0.6021183203924835,0.0720368612837447,-0.2122089699011516,-0.9519184600222356,1,1,1.0
0.0774805185188625,0.2577525401427507,-1.2417605754816243,0.3341764172448974,-0.1552590488247487,1,1,0.98
-1.907807557877391,-0.8603850107795019,-0.4136055334216442,1.8876876573401904,0.5565531245337582,0,0,0.05365591397849463
-1.3354815690998914,0.486036289417637,-1.5473039889383655,1.082691053887073,-0.4711246518178786,1,1,0.9591666666666666
-0.0936361887391708,1.32579664754219,-1.28716356858425,-1.3971181851129912,-0.5835993263460049,1,1,1.0
1.0383788510193166,-1.5193460754768424,-2.832155598110569,-0.4511588584089988,0.5517407999109204,1,1,0.7
1.2002617497388293,-0.463161362085399,-0.4114266071160024,1.1539007342557472,-1.8697416996954208,1,1,0.99
-0.3885207751830092,0.1904238899250577,0.4492187212850342,-0.5098066931908826,0.0344410117058413,0,0,0.15694303327391562
-2.488327353412989,-0.6582484123338483,0.4535087125544674,-0.9822940342546796,0.0589842215895973,0,0,0.02
0.446872500802698,-0.3425492008577649,0.1704637709965709,-0.9627325652846124,-0.2066112796960466,0,0,0.14658333333333334
0.6102161695892225,0.1569729609684342,-0.5865312695639355,0.224216404290793,0.714609790636618,1,1,0.9678333333333333
-2.049941278577478,1.1590740649558977,-0.336254738681072,0.4254899332402302,1.197246923645228,0,0,0.33
-1.371673697230466,-0.7094410024275466,-0.2885486958757048,-0.7837535211244283,1.7349365758368085,0,0,0.0
-0.8567720938267928,-0.5555467794868666,0.2043890316029767,-1.2021495260760888,-0.3956807117562638,0,0,0.015
0.3174532612501751,-0.3328604043825112,-0.0933868588999482,-0.5293321124483709,-1.514470309180767,1,1,0.91
0.3215932113392385,1.7549330716472415,0.0184016307834381,0.2252641172475495,0.6927227551168594,1,1,1.0
-1.2693304965466992,1.7025146581296056,0.202328796422802,1.631856899089109,-0.7330329955239894,1,1,0.9795833333333333
1.8180619225578247,0.7751554940347831,0.5530400858523584,0.2340244543531479,-0.2485286180744493,1,1,0.9444117647058823
1.2005316584738726,0.1403598698480469,-1.9670697035871525,-1.1171864617070024,-0.1858457521927473,1,1,0.9792857142857143
0.3099989831655551,-0.0565884888998958,1.2189707897936632,-1.9511018640386248,0.1435879365051602,0,0,0.02
-1.8179792253871547,0.7597122954841684,-0.0944587144420027,0.4196099720241181,-0.8638829605897661,1,1,0.9629166666666665
1.279464931657751,1.0417246640588511,0.5835443030118876,-0.1295172468634407,0.5798572852951321,1,1,0.8731117647058824
-0.7068925679873489,0.8555556590207121,1.649480894323921,1.0706105599791862,-0.7296024698074095,0,1,0.5717045454545455
0.3614173172731029,-1.2931415437586478,0.5723903111756757,0.4506034128625388,-1.869816339532164,0,0,0.21666666666666665
-1.1617838439123638,-0.2831388967437671,-0.3008597471408262,-1.2094769354188053,0.3889787293521837,0,0,0.051507575757575766
0.2514736089405121,-0.1942691319785193,-0.7557915001583629,1.0487071264165635,1.6554071130882952,1,1,0.6862907268170426
-0.4835614838465371,-0.6121669171548207,0.4912076654119963,-0.3580293797469862,-0.1393972006632341,0,0,0.01
0.7396531517246714,-1.9093560875072928,1.3183023248526693,0.0726805243293413,-0.4114931445621802,0,0,0.0
-0.0892341542214489,-0.0375706449794812,-1.7312013034449254,1.494938227453236,0.0413256322706184,1,1,0.9637301587301588
0.4430021304473752,0.9515497705740428,-1.0211624575603002,0.4734718990352284,-0.2676410908987935,1,1,0.99
0.8467707752164937,-2.127227420351496,-0.099094300241269,-0.6028206557839616,0.4322629506341555,0,0,0.03
0.4700441873682021,-0.7076258948220261,-0.7121738641760436,-0.1106653685573294,-0.8966422273152082,1,1,0.8880124777183602
0.8419836954521269,-0.3692072004474461,-2.9069882193216414,-0.3748220566218061,-1.0385438208439723,1,1,0.9566666666666667
-1.6312758154609457,-1.2374266382225725,0.10940847183297,1.3286408282482312,0.31318447386498,0,0,0.02
-0.6065033882157397,0.4559041951707027,-0.4590903102189917,-0.6946003691631446,-1.1543626682329844,1,1,0.9876791443850267
-1.7518288067517191,-0.3899237065594453,0.1580534899201318,-0.0966236700148897,-0.4159669279473586,0,0,0.02166666666666667
-0.9457460606967812,0.6082461916849685,-1.317131919946585,0.7760279138434754,-1.0022170189267248,1,1,1.0
-0.752435237353035,-1.466785190615677,-0.5014021468856367,0.9753124584779788,0.5156280884439565,0,0,0.03282258064516129
0.9784221120280352,0.5221425459339358,-1.1036698285303692,-0.3307892243275573,-0.7801991291174627,1,1,1.0
1.3305749040390402,-1.1967886464263116,0.8936976893891109,0.8929538701087693,1.8296202017160872,0,0,0.02
-0.4096865926294973,0.7123221595801621,2.2816518365388427,-0.6176416769336966,-1.5350402475323597,0,0,0.23
-1.880010033907764,0.7127120288613313,-1.883150208058584,-0.3723190529379228,0.4373131870389607,1,1,0.91
0.185175536829914,0.4254448641841722,0.222289855800854,1.2788658133133932,-0.952316380738797,1,1,0.989375
-0.6769951384585313,-0.772659445270824,0.8301918118626102,0.9003985883950636,0.4512253193185082,0,0,0.03
1.183493666889928,-1.1780408673763807,1.667224111551137,1.5232386217122582,0.7356219972457467,0,0,0.01
1.78179890877106,-1.6566232076777738,-0.5244481362626519,-0.7353034606819523,0.7214793237573432,0,0,0.3125
-1.0501407396021456,0.7574951493374855,1.3705361439967134,0.6952029000839993,0.2837510236615011,0,0,0.08036111111111112
-0.9878733409007492,-0.8468509661253646,1.2496189052966666,0.7793490039053323,-0.0390195193775441,0,0,0.0
-0.4179095457658905,-2.025807873111377,-1.0708524186844388,1.9114190871397236,-1.2804555710024668,0,0,0.2
0.1894798212210806,1.0074439731951983,-1.2549226680022925,0.1847104747810833,0.937915537510655,1,1,0.98
0.0124993219072503,2.8684030556667683,-1.6685992588781953,1.0587285298838789,-0.1728017373964643,1,1,1.0
0.7719201548366751,0.4413071516992458,-0.7331561971099966,0.2289963924593402,-1.8579014513982872,1,1,1.0
0.6032475005713938,0.2981584659905256,0.6386601686431024,1.0581183250871502,0.3676198402097109,1,1,0.8572
0.1480894197982762,-0.8810683366612923,-0.712220763649051,1.186734620177331,1.4363354057059785,0,0,0.11352986355832656
-0.238110436312054,0.0460027472532741,-0.904614374993766,1.1727568452674448,0.6654168236917787,1,1,0.7702301587301588
1.941217436463749,-0.8783230771797389,-0.3780078990182172,0.2314459225255723,0.6464895377257707,1,1,0.7407142857142857
-0.2156676375476323,-0.8729610904537004,0.8814075289235711,0.7211353625455816,-0.9162741005637248,0,0,0.159375
1.3554428011054958,1.1701987091966035,0.1342964972477928,0.0795978623760363,0.5540577711159071,1,1,1.0
-0.8617030702562581,0.0300314791640821,-2.1523835446091804,0.8764556455029355,-1.5614932224418594,1,1,0.9894444444444445
1.503419828428999,-0.3301200939664503,-0.2116669819311769,-0.6277339060845056,-0.2880388739220764,1,1,0.8314523809523809
1.4185313451480366,-2.4878086565350794,1.2769653860881878,0.3380234811017081,-1.2070216478572156,0,0,0.02
-1.075312393049238,1.676393027208203,-0.9455068799427312,-1.1533505105959594,1.1373145423647293,1,1,0.97
0.3385528762859142,-0.9379255765363989,0.216624975404619,-1.0257526836402773,1.1008213984226052,0,0,0.05
1.0613709648731335,0.5320061988219431,0.3616610612470166,1.7611881248673735,-0.0003136726117747,1,1,0.96
-1.1818741254208012,0.4494739128323068,2.0860470495371137,-1.014759493185852,-0.3614627666939857,0,0,0.0
0.4164460381014526,-0.0539048490057391,-0.9823035803773146,1.1218578562304709,2.3200407220172594,0,0,0.23805263157894735
0.1961314590239073,-0.9040682897360004,-1.548960525053475,0.2579759812211809,1.1038773433162576,0,0,0.22937019969278033
0.4751677464953816,-0.0024038409188538,-0.5892716517893062,-1.0921636327180897,0.8347513263248821,0,1,0.6970714285714286
0.9137716213855857,-1.5457297866907331,1.589838978180684,0.5740712208940013,1.3995946451457937,0,0,0.02
-1.342127748485115,-1.365824155415439,-0.1489693097672969,0.5027844268951942,1.7963608229269636,0,0,0.0
0.7060789138151315,-0.2426812768120333,-1.026369207665892,1.23000057271915,-0.9647054257507148,1,1,0.99
1.6284685547723217,-0.2843846496065093,1.5905820726178503,0.6789312900592783,-0.1369954894424582,1,1,0.7
-0.5193963718261266,-0.3409078773460798,0.4283166923752375,0.0771564962177167,-0.5938114080687051,1,1,0.6629545454545454
-0.1656314103176322,0.0785770297191498,-2.128734094414812,0.4581681147886987,-0.9797212247168068,1,1,0.9894444444444445
-1.153332403205745,-1.6873443471107104,-1.7938924978678903,-1.3554475031122892,-0.7090209576304904,0,0,0.0725
1.953259137526568,-0.5258796758952039,0.1777501062680313,0.4004813865063287,0.1310651862158487,1,1,0.779
-0.0774434607259936,-1.1952937635992449,1.450927548279212,1.8071966436378848,-1.6826586941226858,0,0,0.12
-1.0240285908863795,-0.2798103423770061,-0.9645377949101912,0.5059655534558652,-0.7282722024066131,1,1,0.91
2.1650560678066024,1.190548594343596,0.2125740306322149,1.0269862633197322,1.105900424357309,1,1,0.97
-0.5639474880582432,-0.8162172445419648,0.0781430629696474,0.861636124497944,0.1390603986534176,0,0,0.02
-1.5769964821909972,-0.8028244439508423,-0.073972863594378,-0.0756656043258302,1.972542176789808,0,0,0.0
-1.385987942398998,0.5055892418358746,1.4891131083282896,2.271449745422796,-0.4043974231839612,0,0,0.06
0.4914294527201998,0.5697603571986469,0.1954817315532908,-0.098845201239306,0.4359753895000459,1,1,0.9626269841269841
-2.5322460852196853,0.6820694900626313,0.1261779036619671,-0.2224748967782653,2.046862195719558,0,0,0.10142857142857142
-0.6749340187905523,-0.4030759890650308,1.991553302204734,-0.8320613048498566,-0.5501152829365389,0,0,0.07166666666666667
-0.1470254234308499,0.8407344821295493,0.2078025073533134,-1.2926253471522626,-0.5321685631271895,1,1,0.9131666666666667
-0.6073544332122114,-0.0772210452230455,0.4258436586298291,0.4182057558879721,-1.7760117540484022,1,1,0.8121111111111111
1.063940987560856,0.2525688459966235,1.3845320475939062,0.4441983272906719,1.1013229577357622,0,0,0.08
0.4665453114501269,1.3462257562027482,0.5222506360177785,-0.097915246442904,2.2724347204468818,1,1,0.7458333333333335
0.8890371222798921,0.5737444210044131,-1.276304416538336,-1.2883076174635375,0.2927154821418534,1,1,0.98
0.1455211977682408,-0.6141225650083162,0.14098269961206,1.5886269280435958,0.6954024745502987,0,0,0.06880637254901961
-1.1410085097527385,-0.1115088271429437,-0.8049664808525608,-0.3876999164085611,-0.4136156656296427,0,0,0.2733333333333333
-0.4776455826040052,-1.2551353719733949,-0.1276546815181901,-0.56060763684731,-2.929448690002268,0,0,0.14
2.052972024501663,1.088769654216672,-0.376300724924996,0.0188190497405984,-1.1716543473175618,1,1,1.0
1.6957228778108653,1.897288694773112,0.1566937282465246,1.023530644185345,0.1752867789339238,1,1,1.0
-1.3367254388759306,-0.4118233689636573,0.131927966771957,-0.4545477187434442,-0.218653277435036,0,0,0.0105
-0.0913995575091144,-0.0808784978654613,0.0522584904974832,-1.060605066396601,-0.7170161491279362,1,1,0.6743333333333333
-1.2845842656999693,0.9778155496862004,-2.1056469418403245,1.1535903433169254,1.3863493972628431,1,1,0.92
-0.3021805869826214,-2.6031370878272986,-0.3613105619672905,-0.0641841612888192,-1.0105982199289134,0,0,0.06333333333333332
-0.5152183938082427,1.530195198863351,0.664927162301741,-0.9245641143781,-1.597599169595432,1,1,0.99
-0.3270173176097711,-0.2134567793504382,0.4961991873633163,-0.535316712567659,0.5114995753618614,0,0,0.03537156862745098
1.9351540400602287,0.8155010224442626,-0.0480885073307725,-0.1831504710532946,-0.3566731341798712,1,1,1.0
1.1806409124521446,-0.6273134459513029,0.0452227089999825,0.0511979018810853,-0.501784192811532,1,1,0.7433333333333334
-1.3724655478841008,0.3229745036176681,-0.0610039718553835,0.5002404694365699,-0.5336003064391669,1,1,0.8676666666666667
1.2208212988130478,-0.8767737812118448,1.7120402840178923,-1.7476365098282616,0.4347700645568911,0,0,0.01
0.4754306825266234,-0.7955570679408823,0.4243939378610126,1.2795186697601588,-2.2168188393540644,1,1,0.9057575757575758
0.5027448074908146,-2.493270820330077,-0.965664803523208,1.6291663649009451,-0.581782033392054,0,0,0.17245098039215684
-1.1738799644089726,-0.1979377289846818,2.067906338163552,-1.831682247206026,-1.0513099116393445,0,0,0.05
1.4974316831796264,1.8577023435377324,-0.1034312242902839,-1.2390527025266425,2.095843501809159,1,1,0.92
1.5944423917491968,0.678946987762233,-0.81240234893742,-0.0490293408380367,-0.1603600810448307,1,1,1.0
0.3308513046155777,1.451001438131336,0.8794170411374032,-1.0773760769847582,1.3764964500195378,0,1,0.7233333333333334
0.3131321400131553,0.6870657958589163,1.466540859278603,-1.1115802495135512,-0.0358255787064629,0,0,0.08333333333333331
-0.531454551359215,-1.567859425365456,0.3467099776049199,2.511556551584424,-1.8400777445057528,0,0,0.11
-0.0322806110494703,0.6405429350747734,0.1230782016561811,-0.1131280525157404,-1.2992163634458245,1,1,0.9788888888888888
0.2327867429401636,-0.7567639770159263,-2.1899217049785533,1.1945922205137307,0.9583858198420424,1,1,0.7558809523809523
0.0516609768510798,0.2290746882057025,1.0743180127155614,0.2243396567780826,0.9040175547613144,0,0,0.07
-0.2974822008738501,1.3119837385739466,0.3207857259326839,0.194051943605874,-1.270061088712032,1,1,1.0
0.2869558543017087,-0.8319549174944512,-0.6382827265284942,-0.8153756283161211,-1.066234931899225,0,1,0.6505882352941177
2.124771403016961,1.3313390619884031,1.9203675021442608,-1.222895019555564,0.0712537499108924,1,1,0.86
-1.2935076252040958,-0.695694877197064,-0.9181269834165748,1.2395840064415615,-0.3962296781017598,0,0,0.15865591397849463
1.0683793336940164,0.604120889588518,2.303638752104789,-1.479444223139724,1.259233239786799,0,0,0.055
1.1464408704007276,-0.9733788380270346,1.0071333364731596,0.3361449630262288,-0.2274762599534077,0,0,0.02
-0.8239354869719996,-0.7191094514491859,2.049812095785926,0.0006828189574826,0.7821300015314592,0,0,0.0
-0.7908993816675531,-0.7798529462216388,1.0819848092499422,-1.3495762115515322,-0.4152137679052715,0,0,0.0
0.034027411072232,0.1113726018400524,-0.1790932850161562,0.3958197810959231,0.6928557558178116,0,0,0.2725849567099567
0.73463754545933,-0.9858038086678268,-0.2841550979287972,1.1947628618769377,0.8946471875738723,0,0,0.1623621553884712
-1.372859451481064,0.3514799003522016,-1.9782252493748105,0.0469349020603696,1.897767016745977,1,1,0.79
-0.9478927172689864,-0.8343230454915821,0.7640297815728595,-1.542801515209646,-0.6327550298850391,0,0,0.01
0.5964411375817527,-0.6342858476894031,-0.2359699872109716,0.7441857103150346,0.4215460835365612,0,0,0.11187675070028011
0.2668183962954019,-0.3391222792700387,0.3700611152689553,-0.1237326800997566,0.4578056099257847,0,0,0.04286666666666667
-0.4969320251179782,-0.1825689743795411,-0.989957792552014,-0.0350076100062359,-0.8110008636288448,1,1,0.95
-1.114046450161993,0.2586611478553881,0.2127397758576603,0.7828737349485725,-0.431125569575099,1,0,0.4823989898989899
0.4080528468367557,0.5507975722736632,0.4447738078315947,-0.8256536828021421,0.1493634822711889,0,0,0.30492424242424243
0.3641402960546613,0.0071784669079419,-2.0864776583710847,0.16048962397348,2.212531039397242,1,1,0.82
-0.3600392687569827,-0.7280770978553212,0.3733485597113982,0.3123782104665717,1.1927351654164144,0,0,0.010625
-1.2578681559088878,0.7313802525749924,0.5904220612514635,-0.1421465369405461,0.33868731792169,0,0,0.10625
1.0294574815983573,0.8723153800284503,-1.1430193120737286,0.8201581867554845,-0.0646886050325184,1,1,1.0
0.0728740980155153,0.0731969910016945,-0.1502429887982599,1.191707497107065,-0.083717959849212,1,1,0.9435849567099567
-1.1195461283831687,-0.3935298559697288,0.1786947168104756,1.2292147842970504,0.6030946849488336,0,0,0.010249999999999999
-0.8505352787470439,2.485189916678892,0.2647753109779796,1.2753907379990148,-0.1517144335772291,1,1,0.94875
0.5333592447054494,0.8394685045184047,1.218194711754256,1.057368305378225,0.8721970000729778,1,1,0.8066117647058824
-0.3150867311941086,-0.5717460419560614,0.3326075103241975,0.9331280723410692,-0.222720700776607,0,0,0.05326923076923076
1.0651719657143863,1.4526167454861794,-0.9163209190734196,-0.8369207037962799,-0.1403750589053364,1,1,1.0
0.3076126681891964,-0.524567013767051,1.3522026788671444,0.4240668615184512,0.0394470482407394,0,0,0.0572
-1.4359095238685275,-1.3158158164275071,0.2810092502818063,-2.132595626154836,1.0126374096440718,0,0,0.0
-0.1581538443723203,3.2430929695947333,2.3079162506161106,-0.1814490692475167,-0.1063370025313149,1,1,0.896575
0.9955815140020298,1.7031726099180378,-1.6380290574360168,-1.7863754653546866,-0.6220348055543814,1,1,1.0
0.5827375831738644,0.4968735905075971,1.0697714549838502,-1.1996975283653082,-2.3161438629688766,1,1,0.859375
0.8580141953021454,-0.8281962729652346,-2.018487864388638,0.1450637459593816,0.7931756882186773,1,1,0.7882142857142856
-0.1220571321212772,-0.4578483861824892,-0.1593622321459065,-0.3705827624007828,-1.3480471119401671,1,1,0.8424242424242425
-0.7146806769904318,0.5212799050138145,0.3216785413765001,0.1680598059668202,-0.9951484818533796,1,1,0.9795833333333333
-0.1815031621356671,-2.1770650464428547,0.1784766638853897,1.4288577078135674,-1.4741321320421057,0,0,0.09
-0.5859276733177553,0.3291067787101295,1.2528426344274837,-0.4482246163001494,-0.6922503292658964,0,0,0.07058823529411765
-1.9689231424160831,0.1034381293081063,2.042076040143744,0.2773584619646759,-0.0222789791837133,0,0,0.05
0.3220823107669854,-0.011092003948602,-0.8130143722601298,0.8232799156777053,0.2257615231117544,1,1,0.9792857142857143
0.0176132519336573,-0.97536602727825,1.3035079319347591,0.6647027453331099,-0.552920837367302,0,0,0.0172
1.0018248536819372,-0.4975708383852071,-0.782003492511037,-0.7597031174802871,-1.7710685530880912,1,1,0.956
0.4715423804182057,-1.8311448783383504,-1.2284438312657626,-2.075588009078533,-0.086069692790893,0,0,0.02
-0.150320460271872,-0.326696213186364,-1.0425776946705765,-1.17223375343664,0.4643698635465741,0,1,0.5379642857142857
-0.5505519317084877,0.3163583215361447,-0.8852486861242225,0.1810627427710823,1.3032780373160635,1,1,0.56525
0.5861658003927833,-0.4124138182164804,0.2571989703559273,-0.240665174530213,0.0078801846947281,0,0,0.07275000000000001
-0.3256110521485036,-0.1643352058853912,0.2120933530741752,-0.9933586995819508,-1.0158788269899783,0,0,0.24058823529411766
-1.388542553831211,-1.60027110450371,-1.2172826922204794,0.1594625068041291,-0.8927875154918841,0,0,0.09
0.5136144642310962,0.0347137487525618,-1.9685042134380537,0.6549755842216898,0.8107986455917099,1,1,0.998452380952381
-0.9938626748348534,0.4201915428949916,-0.856498237409199,0.0976703767483354,-1.2644984069549656,1,1,1.0
-1.7931064525345768,-0.3828171896129687,-0.1237289462748361,-0.397679693614604,-1.1840305582225594,0,0,0.22166666666666668
-0.3998990621311371,0.269294752580734,-0.0448930301225369,0.1825010305992134,-0.6701152004542329,1,1,0.8877777777777777
1.1717179147161596,-1.1761733365547806,0.4875602970867186,1.1818910929599615,0.4809080927488954,0,0,0.09
-0.20252422706483,-0.5282970466629792,1.036087651046256,-1.422974925261673,-0.9701242603796436,0,0,0.11
-0.3975577654917214,1.237653757511998,0.379767636040896,-0.9680457585102452,-0.3103077053849036,1,1,0.9491666666666667
-0.6143231440962944,-0.7097889922335351,0.9788895585567792,-1.3717431292635056,1.6087808557343737,0,0,0.0
0.8282296901846228,1.090861670603698,-0.4629395120252583,-0.1499407190791093,-1.433151814524712,1,1,1.0
-0.524662407066803,0.4936548476431509,1.2960630617813962,-1.1071568168024517,-0.3655059369852658,0,0,0.01
-0.1512992202325223,-1.3957892021924851,0.5913492417584003,-0.7239903317426091,-0.1953903511770239,0,0,0.010769230769230769
-0.4519493719118777,-0.7893385057196743,-0.0070449854805546,-0.2156095785680223,-0.3718578822786655,0,0,0.03
-0.7284616216803428,0.3195246707829554,1.653617268492285,0.1398872328391273,0.996118214911129,0,0,0.01
-1.3902219251534629,0.1577614392937694,-1.0973683189710666,-1.4769249275319014,-0.7393714074590363,1,1,0.755
1.1918993344135729,0.9500158286696456,0.2430047220543996,-1.5327005598899308,-0.1962806513879368,1,1,0.97
0.3017000089017355,0.1755362295785979,-1.8437935834807455,-0.8903178480198718,-0.0640777641487166,1,1,0.9792857142857143
0.5362909095171899,-2.1961278210999464,-0.1621239754798584,0.1430487698789523,0.8496119885162131,0,0,0.0010526315789473684
0.6928575842374367,0.5825713188088052,-0.7999405067019342,-1.908002137123308,-0.3930527570614009,1,1,0.9683333333333333
1.00163182520856,1.3934545275244314,0.7105491022977853,0.4293408228017343,0.3796396483859655,1,1,0.96
-0.5561187467607805,-0.13006029355362,1.669069525826331,-0.9425580057918764,1.6147787907098514,0,0,0.0
-0.3220281544920584,1.3254321090950785,-1.4068150094975382,0.5859042011646491,-0.736770135947622,1,1,1.0
-1.4152671919241877,0.2185340424109456,1.0094717885959688,-0.8449414385934964,-1.4990159604584012,0,0,0.12058823529411765
-0.0918447643349551,-0.087435328777181,0.5483196275544987,0.9495945713644882,-0.059415181272494,1,1,0.6929940476190477
1.855503314794263,0.2242347445352917,-0.3464265060068996,-1.611567359102828,-0.2626595203161677,1,1,0.9686190476190477
-0.3363869454111362,0.9603047962814704,0.462483624066854,-1.1793691216326172,0.1722543864110375,1,1,0.8826200980392156
0.6715311717290534,1.5280313593878327,0.8875039674140593,0.7608466543114778,0.0600859946151636,1,1,0.9838666666666667
0.3883120054234496,1.2495049007061587,-1.3327773974796495,-0.3494393272169559,-0.7725687487562407,1,1,1.0
0.3791531187261241,1.2302221756507876,-0.5969742867210739,-2.390304367469438,-0.4122207450244701,1,1,0.9440000000000001
0.9134737320174066,0.5376299029498797,0.4281862478105761,-0.2799933018744797,-1.2790307362197864,1,1,0.9788888888888888
0.5152943216244674,-0.8342818100346248,2.184096733380456,0.570507208354516,-0.5806483025539511,0,0,0.10719999999999999
-0.6113852473886282,-0.0929442066135882,-0.2395019220217497,1.1168337755299542,0.1864161697440463,0,0,0.14286904761904762
-0.7316317389085281,1.890440685155783,0.0493083315202226,0.7688396759688968,-0.6082265074447593,1,1,0.9695833333333332
0.3631156277445234,0.3111099911431952,-1.889649292096153,2.01527511046064,1.2906444609225471,1,1,0.975
-0.3971953161459876,-1.1022697404558557,0.347561613803552,0.0866976994143965,0.3556689485632294,0,0,0.02
0.1915773961940896,0.5062409893059261,1.4473056993918063,0.5681032051286461,-1.0496554989099411,1,1,0.8630769230769231
1.362562852712452,1.6406145634882874,3.152056734512085,-1.123494033239598,0.242882013150275,1,1,0.74
-2.0820987031889877,0.5531491563792091,-0.5482002981667726,1.9234457948249533,-0.7746149700185819,1,1,0.96
-1.6891830379672617,-0.4712637407025196,-1.9754877712171373,0.7510994545073101,-2.065083046256321,1,1,0.8666666666666667
0.0284575811831588,-2.077811819856197,-0.3202978045366419,1.643378155804534,0.3606478914357949,0,0,0.08113970588235293
-0.863493604964934,-0.0312034889390839,0.0180168720444465,0.4726303458434056,-1.3668583632808264,1,1,0.9244444444444444
0.5925672738473307,-2.704391631602775,-0.6298845523638104,-0.4882738424515446,0.6333268260712385,0,0,0.08
0.0226308526768691,-1.4055630538562869,-0.9849931258170151,0.1986800095474069,-0.0790673418645562,0,0,0.06520945847321559
-0.5791241096357465,-0.4808337895119793,0.696167997159289,-0.5176925728692147,-0.0880912440290732,0,0,0.04333333333333334
2.169936588080543,-1.423682636883923,-1.8518427315746584,0.7835896647986067,-0.6786430612941032,1,1,0.6166666666666667
-0.3182375277426202,-0.7811563781311142,-0.2598001407675125,1.5985381120963411,0.8021284586181193,0,0,0.06904761904761905
0.8622235118869771,-1.4162270557926455,-1.1511537365528692,-2.839078659485427,-0.809380821082754,0,0,0.446
0.9567031863856584,0.5169465157483709,-0.2215132629521239,-0.022300283718053,-0.6888855425754056,1,1,0.99
0.2047588824017841,0.7658782794806148,-1.6158867874104728,0.2996476878373481,0.9324348709546671,1,1,0.95
-0.4151002889633696,0.7007006121205837,2.814654444472553,-0.1043427929868919,0.3933070500053236,0,0,0.040999999999999995
-0.7380570836613916,0.1812511626020504,0.4602716249823038,0.194842340270138,-1.0196953197088567,1,1,0.6394444444444445
0.2063617713254507,1.4621959387176369,0.4486357645145273,0.961987189071841,-0.2370119700126277,1,1,0.9891666666666667
0.7499002394237105,0.2792678382165259,-0.950910729687232,0.3185210047988744,-0.9916966634403104,1,1,1.0
-0.6328802748847919,0.1893283072923741,0.297244273380124,-1.189232465077129,1.0539857711828762,0,0,0.03158333333333333
0.5720062783004729,-0.7047284356108838,-1.5375847964491751,-0.1449045790814313,-0.4459437138611601,1,1,0.850291889483066
0.1131404570530228,-0.3631166611555665,-2.00745686074501,-0.3883469383011584,-0.3056191110683129,1,1,0.9092857142857143
0.6336610247740587,-0.6981996746110497,1.6786746733725662,-1.911640550651757,1.3111674978026244,0,0,0.02
-0.2243189708781048,0.8595848723435562,0.0798014840587331,1.1395555360254692,-0.3873619645528112,1,1,0.9985416666666667
-1.0986204251778122,1.4205042872710631,-0.1134806458821411,0.2215584736242106,1.2347519140447951,1,1,0.8683333333333333
-1.031955242094435,0.5954908976392573,-0.5898947564628909,-0.1321693556443718,0.0722789653842888,1,1,0.8308333333333334
-1.500221861446936,-0.7788370428204348,1.3510728924131392,0.8861911885847956,-0.0626395773272348,0,0,0.01
0.243123458512893,-0.2942425056364576,1.356583385827982,-0.2003525777941638,0.231842092134848,0,0,0.0372
1.146030144142065,-0.7773714848459066,1.558789184496894,-1.5304614097433769,1.6296421311127989,0,0,0.01
-0.3726755839519746,-0.2426987478252817,-1.890010171182943,-0.4547947173776929,-1.0398065310268845,1,1,0.99
-0.6076463453734726,-0.1373109657888796,0.9577916144729056,0.2076033514006257,0.3076766534011138,0,0,0.01
-1.0955193888455623,-0.8807540896027302,1.798725018351312,-0.7352010347632466,1.6562082520572956,0,0,0.0
-0.2430611988808665,0.002287936143504,1.0703651602299298,1.2718924219386565,-0.1108125602790875,0,0,0.10666666666666667
-0.3882430535215389,-0.0559204485222131,0.3379575282321183,0.8913036868697555,0.0042298589941515,0,0,0.25093849206349206
0.6188862980231536,1.638359732270941,0.3813096122647846,0.3116528560047783,-1.5189108250900678,1,1,1.0
-2.6307301368290634,0.3883757292301683,-0.0948242312808722,-0.514782674914742,0.2435302041863446,0,0,0.09168347338935573
-0.0604037291969082,1.1277802506338983,0.0861108682589779,-0.7469232850701676,0.990166238959289,1,1,0.8585714285714287
-0.2171310749462024,0.5265366836723071,-0.4774107061928004,-0.6498268854974364,0.0841682301856961,1,1,0.9413143939393939
0.0128286435436851,0.479827035366833,-0.2686457533097425,-1.836359783770397,-0.4327738835883886,0,1,0.8403333333333333
0.7938184671438157,-0.2973760792431064,-0.246383402514548,0.9863765059059372,-0.7119732272589228,1,1,0.9575
-1.5428032182428997,-0.1606311195254943,-0.484173951248737,-0.966246319753254,-0.1753784558986907,0,0,0.0648458110516934
0.4915056472467836,-0.0092885615678157,0.3069810726862377,1.813407698515423,-0.3428788615575641,1,1,0.9427857142857143
0.2783486346446696,-0.5092133625991345,-0.8463597198869729,-0.5849076534177698,-0.4787585715216885,0,0,0.23257455289808227
0.3594757975471255,2.349075786700757,-0.7160434362758403,-0.4166253056154625,-0.0631230131112482,1,1,0.9991666666666668
0.3957988487097471,0.2635508119547849,1.2840957939481172,-2.426392070535208,-2.3869298701956727,0,0,0.2980769230769231
-0.4958781720101493,1.0973001875437087,-1.5656480316055963,-3.007632339693757,0.5711794062192087,1,1,0.9775
0.2436572237027144,-1.0902084067994298,-0.98553960072093,-0.9697437196346744,0.1105353174739401,0,0,0.042352941176470586
-0.626315276183007,0.4940639189755196,-2.854626662904391,-0.8568518651277993,-1.1260539609110505,1,1,0.98
-0.2563406783724922,-0.5380477584901385,0.7978437798957666,-1.8593367716600573,0.045491476330752,0,0,0.008958333333333334
0.5583364232117055,1.8566474365619547,-0.4817659710934752,0.324458604352517,-1.803862792562365,1,1,1.0
-2.391956204313024,0.8447743757816999,-0.0055602936480705,1.1785126897984228,-1.3734028889697492,1,1,0.96
0.5199021395287525,1.8688178405438527,0.4197056083572659,0.2765815055910487,0.0085560808243498,1,1,0.9891666666666667
-1.5708814571259122,1.355572935710348,-0.6108576398050658,0.5044832563830169,-1.5630343065712535,1,1,0.98
-1.1794596645077804,1.4350873992222355,-0.3473022889578429,1.4532754760425446,-0.0782306590585178,1,1,0.93875
-1.8418977729578572,0.8920675997317206,-0.5898923177556078,0.6986888135170435,0.0252108675400821,1,1,0.805
-1.5431182279428703,0.164294765370569,2.196223142152799,0.4929864585144592,-0.0575177530054631,0,0,0.04
1.0753434019568977,0.2106684652031108,0.2095342302627943,-1.0916251721591026,0.2338480257895983,1,1,0.8748333333333334
1.0354434164169448,-0.8360621521000247,1.4244958212469476,-0.0917060241451259,-0.8877695115385407,0,0,0.06
0.9976320769202444,-0.2867942357382693,0.7595148874861078,-0.2917586322585371,-0.0598261435299036,0,0,0.06125
0.4935602043342916,0.2908970575900059,-1.9955317804517383,-1.1212437400943918,0.9294099847908156,1,1,0.8985714285714286
-0.1321365889015472,-0.5237313027714218,-1.3585740152574743,-1.0797363212758484,-2.0217986399619474,1,1,0.816
-0.1012807187015328,-0.5984375805810469,-0.9665878909853152,-0.0681234251679531,0.3639706308527381,0,0,0.1873378851540616
2.0931979322099448,-1.5118834195632136,1.159381043300522,0.973101561015072,-0.7790927393767005,0,0,0.02
0.203235954586031,-0.4576332493376152,0.1856885804187389,1.5091310134045506,0.605606232631313,0,0,0.052598039215686274
0.508608373233442,-0.4303093199546424,-1.4840566649243352,-0.2084682105404079,1.2066081548639151,1,1,0.7967669172932329
-1.5271678565896476,-1.055089368176695,0.1262677362340681,-0.9846547848472624,-0.7925234471152126,0,0,0.07
-0.4235985817281771,-1.3656174041901494,-0.9741218462163684,0.7034279167873088,-1.307369782230964,1,1,0.71
-1.5978721344948377,-0.6300249795338944,0.7319555025098458,-0.1969218079968895,-0.4645810781156183,0,0,0.0
0.044358797515607,-1.745707432859652,0.4947056537750324,0.3834350314036441,-0.4093084740957212,0,0,0.012644230769230769
1.0059245117964166,-1.1274960989530387,1.127908993253569,0.1544936655952511,-0.3365525898781734,0,0,0.0
-0.0198736353683115,-0.1072647658109417,1.220282896417717,-1.0766791274710137,-0.7625192391465982,0,0,0.109375
1.0363028920724795,-0.5955349351838592,0.9005330773315916,1.6994359830087096,-0.4017950269416336,0,0,0.07
0.6813623265753054,-1.1536922813398585,0.7547332980678092,0.1994239859867671,0.4730382821602152,0,0,0.0072
-0.645572072035395,-1.6610834155671723,0.5032520647495048,-2.0634031524794545,-0.3173504922425348,0,0,0.0
0.9411818664199696,0.191897735873036,1.948342644789813,1.0251091525817737,-0.6538983883255765,0,0,0.12111111111111111
0.0273133798514386,-0.0473707025444359,-1.5821767633461272,-0.9403989164843533,-0.5607609069798603,1,1,0.949873949579832
-2.0362205028559366,0.0474934682516429,-0.2490718446530407,-1.6728939013115742,0.4042128652773321,0,0,0.030749999999999996
0.7158727446909595,0.2270344788648889,-0.3240681752089702,0.5914421517518549,0.6802203604766911,1,1,0.9486666666666668
0.3074035697196884,-0.8246122504347609,0.2766007655111807,1.195480650825479,-0.5966290586117302,0,0,0.21325757575757578
2.0979393391324312,-0.5256309339853844,0.0324070133401362,-0.6724855960063362,0.2232708359202608,0,0,0.2033333333333333
-1.7422216926352752,-0.5460417988167212,-1.0921212003485672,0.1353383478922909,0.9944473755089074,0,0,0.08282258064516128
0.6460061871145515,-2.3716593608588923,2.0420696529278803,0.2952799406208684,-0.7764991404930003,0,0,0.02
0.1571279189909408,0.1761898225026923,-0.6668487169515637,0.1979166673420755,-0.6074722876203072,1,1,0.99
-0.4043619926900227,-0.6862791357550845,-1.4326712897396527,0.1458364702153839,0.5852994365163381,1,1,0.7635872865275143
0.5148835960763722,0.8199252526352343,0.3243402100148682,-0.5327254982169035,0.8396638644311888,0,0,0.39736233766233764
-1.357517539841935,-0.9006713825124801,-0.9642000714232448,1.0800560591393102,0.9427885141400756,0,0,0.04032258064516129
0.4873052370449948,1.0719298652117972,-0.8792827824119881,0.3485951198609804,-0.1251744283831642,1,1,0.99
0.8468821038849139,-0.1152242325521975,-0.3849428884100812,0.54090851856099,0.8761691671912328,1,1,0.889266917293233
-0.6683451948468017,-0.0610756713523761,-1.0584406336416528,-2.4980610174929394,0.200459631413729,0,0,0.3065
0.6089053562546319,0.2620668090867255,-1.9495617177543672,-0.3508494300764745,-2.2183477600510813,1,1,0.99
1.3697011076541847,-1.086054582118086,1.2554036094598964,0.9458696436841456,-0.9005903525360617,0,0,0.07
-1.132784951267745,0.3503702163863382,-0.844324037183071,0.1024846421582075,-0.4828275908069183,1,1,0.9291666666666666
-1.7811584144656334,-2.230468019124459,0.2266842484945971,-0.5615577463306254,-0.5530898169141323,0,0,0.01
0.6958638390937854,1.1734422766324448,-0.2725447213618092,-0.3405987069098615,0.5001430331138838,1,1,0.9891666666666667
-1.3569355696995753,0.223153054747697,0.551885971822154,0.6802302084176292,-1.936752702502465,0,0,0.13944444444444445
-0.7613552698089406,-0.8782632528234666,0.0998869544092129,0.4807445797679839,1.4967104074459814,0,0,0.0
-0.4949654803680731,-0.4975724983092138,1.149672018878747,0.2965769385303051,1.2676515111879738,0,0,0.0
0.2887280030098363,-1.1571166187132709,-1.3331283547778066,-1.551512249058929,0.6620518347584732,0,0,0.12
1.188596823087008,1.849362141386381,0.8431053323232401,1.162838577534986,-0.5800163326536847,1,1,0.95
-1.1564158167438567,0.8500793324175533,0.4176807522394006,0.1074443743408925,0.3873714806329899,0,0,0.29
0.3231854824582059,1.2838168598535613,1.2949855848169558,0.544220352340347,0.8458028725629282,1,1,0.9372
0.5140625524247758,-0.4611697320346189,0.7565646749131401,-1.3944950688592617,1.0538915522958832,0,0,0.0012
-1.194522939766035,0.2858032867947329,-0.8451539584261589,0.5533889830744267,-0.0339252259279088,1,1,0.9272499999999999
-1.5947559581633324,0.4206996310184788,-0.5779207768327106,0.8811467208133691,0.0013256887344072,1,1,0.9116666666666666
0.3954209853880381,-0.957568955015212,-0.5893322314273619,-0.4586386361010845,0.8567024802425557,0,0,0.010588235294117647
1.6773770878054892,-0.8051717517428763,1.0768481446576803,-2.169677417725702,-1.194189401092289,0,0,0.11
-0.9587784561867748,-1.3525086894407223,-1.58358838978758,0.4129989121377975,-0.2140676977278613,0,0,0.035989247311827954
0.3794053976051097,0.690472686121513,0.2656169931725334,0.6577631761503737,-0.0695322862422693,1,1,0.9891666666666667
-1.1869933883057446,1.057814180820796,-0.589112132781127,-0.935596298762426,-0.1779178758043981,1,1,0.9482575757575757
-0.912810919296513,-0.4174303819894322,0.3440539215634665,0.3483417392461269,-0.8978300664256293,0,0,0.12962121212121214
-0.4877053729487446,1.0743330047702435,0.4964001177339411,2.0750650393485417,1.1801281737415277,1,1,0.8894117647058823
1.144293068559939,-1.387868550455802,0.7638603516334226,-0.0531068016969106,-0.5509818035382495,0,0,0.04
0.1680153405325285,0.9452115346114836,0.5008315910042116,-0.87847380134206,0.7424589135926203,0,1,0.7841831932773108
-0.6375875420759639,0.2166831189642862,-0.3033500674771342,-0.2188662517356257,0.7662429750405095,0,0,0.08875
-1.040193719815898,1.945195074276933,-1.8210860692944963,-0.5976676832548571,0.370211889941741,1,1,0.99
0.5843141664353099,-0.1004757205717051,-0.0573907030015424,0.4105500853276165,-0.2310694774576803,1,1,0.9511190476190476
1.393181257934906,0.8393491142316022,0.8728243510056346,-0.966156723370417,-0.0793884244057028,1,1,0.8210784313725489
-0.3004659487207037,-1.0056013756894655,0.3601641839457669,-0.5376457577798165,0.655403829850237,0,0,0.02
-1.0701915628943317,1.719040612841821,-0.8963326585920618,0.219302337200436,0.7918593103880676,1,1,0.97875
-0.5706404302001128,0.8524686434329506,-1.2291835978004162,1.4521176991825604,0.0141492649657582,1,1,1.0
-0.5964114079688796,-0.2991817724274345,0.8089192693927194,-0.5844552918504382,-0.7493576894227776,0,0,0.175
-0.2215365975837381,-1.176962112769968,1.8205439079418155,-0.5663945912147232,0.8316167861804036,0,0,0.0272
0.2094700836477726,-0.984534050481968,-0.0059547092127293,0.784002779310748,-0.1882613350863065,0,0,0.06693169575522517
1.193112945851028,1.021515392781864,0.9189148546583292,-0.4596567722729969,-1.079842447781487,1,1,0.91
-0.6135876053627944,0.1962409406667204,0.5457867135323555,-2.1715714047604475,-0.0081132016117502,0,0,0.06083333333333333
0.1580892253231844,-0.2775442563155516,1.2912738390158789,0.4217800742508709,1.310191908080897,0,0,0.02
-0.2159605203502322,0.9374774925069248,1.6350663945275197,1.311693449272661,-1.092141593428733,1,1,0.92
-0.253676077542381,-0.3451647054497964,0.4892545350763276,0.6863535550145331,-0.8388926740257363,0,0,0.25982954545454545
0.0678385139169376,-2.0199273321561364,1.44194500580189,-0.5123742406766936,0.0558639398444969,0,0,0.0072
-0.3096497139880612,1.146027575013415,-2.837506441397379,-0.0166103423259089,-0.1058187574976978,1,1,1.0
-0.4536363875916828,1.7262265456356325,-0.8873294588557712,0.7717961772356612,0.3562527887060835,1,1,0.98
1.261519252535516,-0.6671890847775054,-0.732968899123759,1.0960699074773983,0.4253213083301104,1,1,0.844642857142857
-1.5449373466767586,-0.5393050144632704,0.386382653848061,0.8377642215465891,-0.6792306531929551,0,0,0.065
-2.914255989816941,0.5232231857370332,-1.2203206899439758,-2.017338798122412,-2.832325924984141,1,1,0.88
0.8139808601977412,0.1286174504049665,-0.2256563807122516,1.3890243629627617,0.6373246830230725,1,1,0.9128333333333333
1.6163000427219163,-1.3927354721669964,-0.0345506239539635,-1.6167133749480145,-0.2293823318554672,0,0,0.04333333333333334
-0.2486158537666773,0.6266136372630708,0.0455638811418983,0.6234071382799156,0.7034401331388942,1,1,0.7191369047619048
2.154928677383142,-0.3152966552861244,-0.941022700666379,0.2460836153164088,-0.8022800271395435,1,1,0.9875
1.481960768436536,-0.2832180389452325,-0.5655763678739903,-0.4713157211511179,0.718417423471641,1,1,0.8341666666666666
-0.1577469832314852,-0.6416668201303823,1.665351917623531,-0.8561698406617501,0.0355660740329935,0,0,0.003125
0.6523061516102304,-1.6313351104170732,0.4802605014059249,-1.0551076754804494,0.8227827808340025,0,0,0.0025
-0.9626510119189764,0.6927690318488605,1.105833066294713,0.8614365256328049,0.2513166482381024,0,0,0.03925
-0.2313009429296994,-0.5764195763348439,1.471034690817104,-0.6994952201676432,-1.037066073569996,0,0,0.15
0.66536893503283,-0.7961368031864954,-0.9500634974661272,-1.443604262169765,-0.4829098394605177,0,0,0.19475
-0.0827150238964932,0.2430917276606987,0.9513062442994834,0.5268979236657937,-0.1908722195531798,1,1,0.7585194444444444
-0.1981956763797198,0.5101574689151834,1.2725701629285695,0.1263141994832002,-0.4691308542104089,1,1,0.684648593073593
-0.9928660010855456,-1.4452052644122255,0.6662696720435232,0.5779785236395572,0.5773635251066616,0,0,0.0
-0.1286594463520559,1.4069347458917507,-0.4841184945848177,0.9552692372072056,-0.038742894989543,1,1,0.9891666666666667
-0.6083507646793376,0.5925303073177614,0.4096361186839937,0.3569727592669261,0.0812784220561987,1,1,0.8441666666666667
-0.0378930817168308,2.3883719928704386,1.184256645196173,0.7228268949855121,0.1117991582033882,1,1,0.9571999999999999
1.0071572005966691,0.5179947763914519,0.0262047527740356,-0.303564325265915,-0.0809173376626882,1,1,1.0
-3.170425735878056,0.2106008392976417,-0.4884760801103597,1.592669998282884,0.0193440708117542,0,1,0.606
-1.188963419534962,-0.0498801541281177,-1.0461210850625042,0.4734074157124664,0.2909473643394853,1,1,0.9086111111111111
0.9578396311082676,-0.7908817916945654,0.0340080962281468,-1.3650217954266353,0.7014947819247145,0,0,0.02333333333333333
0.518871180440122,0.4958050210275708,0.0016190313569411,0.4147728907887909,1.6043391083085965,0,0,0.3636666666666667
-0.2850942570420139,0.1386451837100845,-1.0861262991814098,-0.8682609615983323,0.0978132930933073,1,1,0.9245406162464986
1.1039335467019071,-0.2562808242515724,-0.2359165293121239,-0.4068852445043747,-0.5347566708443231,1,1,0.9047857142857143
0.2949714557088215,-1.4972576451786446,1.2809395766667275,-0.6654222981294605,0.7219034854381414,0,0,0.0
-1.269998597393876,0.6688401305462182,0.6719446078144975,0.3842020720058965,-0.9944285217997922,1,1,0.81625
0.249548189598077,-1.183056184734389,-0.2527632550961853,1.029413100955326,0.796701927070742,0,0,0.025548429898275105
0.0151829425404331,-0.974806575922842,0.6455877121741934,0.0193812376980252,-2.3203155982304238,0,1,0.5166666666666667
0.7826298263165181,-0.0242328338696921,1.2024512479830722,-1.095270518842805,-3.1767038131960006,1,1,0.754375
0.2790838583451852,0.2915636766819727,-1.690671627606452,-0.9784995458666064,2.7552177437199017,0,0,0.23
-0.3056106141538033,0.7309589763762161,-0.6506598273683837,-2.0903028988531567,-0.1702582467959055,1,1,0.8958333333333333
-0.2656045602861052,-0.3998782386683714,-0.1146408355063924,0.2642682716456365,-0.1501169512538065,0,0,0.3612740160166631
-1.2640061679473638,0.4861847915619389,-1.9493717553224232,-2.0503574572842003,0.7391804947015679,1,1,0.9425
0.5070202721353568,-0.057395365074036,-1.395448504755072,-0.7079109406740753,-0.262746747686504,1,1,0.919873949579832
-1.5958939685741134,-0.7390286580232329,0.6523303381766798,1.4273053642892164,-0.4194347526585506,0,0,0.032
0.7564883543160984,-1.9140600705874675,0.6594512411136115,-0.803948414727481,0.30734561670797,0,0,0.03
-0.2477524182397092,1.3204140097838342,-0.8744356483399182,0.6276062975618311,-0.2795074632965335,1,1,0.99
-0.1583054780096637,-0.1838538931592096,-0.8456731044941129,-0.0140989659066715,-0.0626482221218215,1,1,0.8910714285714286
0.2412402484067293,0.0845051456928625,0.7979945496122363,0.9235086160473688,-1.0506233218278012,1,1,0.9179999999999999
0.868772500590771,-1.1863364271098544,0.587855888137735,0.6197387847028687,-1.911316891662504,1,1,0.7766666666666666
0.0929792465294096,-0.4684961133603157,-0.758765257935375,1.3508523306990057,-0.6536791406374189,1,1,0.9640909090909091
-0.8063769291180498,0.0756949400050934,0.6855897462984164,-0.1416485860101269,1.166370545669252,0,0,0.02
0.5309756619640905,-2.1782113197314303,-0.5294669635070083,-0.561842099351699,0.4793609534294223,0,0,0.03
-2.624817056374112,2.549009708717722,0.53102609489421,0.1488768039176911,1.1815677164191465,1,1,0.83
2.343654052812625,0.8707466445884032,0.94881309647162,0.1306900244643823,-0.1415257533669482,1,1,0.9394117647058823
-0.4757954440049011,-0.8261119917145421,-0.6870140996994973,-1.3505559643429832,-0.0758714506850233,0,0,0.051428571428571435
-1.6846675772263868,0.1909165241437107,-0.0363306080423417,0.1469352983866877,-0.5221315700199924,0,0,0.29
3.0768603701805035,1.360115900180313,-1.2445425000847228,0.2328680874268982,-0.6080061429373236,1,1,1.0
-1.014479726707414,-1.340072071123935,0.4322166907592539,-0.6813802350695739,0.967826024025204,0,0,0.0
0.993782214530439,1.3739143852114497,-0.8523867660741036,0.4753656106920102,0.6324542166423008,1,1,1.0
-0.4741781751039648,-0.7717719573928751,1.6095206657759729,0.2274958757320537,0.635967750711738,0,0,0.01
-0.8220760118279274,-1.2192844665221938,-0.5694497744921104,-0.124021387389997,-1.0642200068173489,0,0,0.17
-0.009844808650383,-1.6885051880685,-1.1200474224698722,0.6709112482768751,0.6037905202778941,0,0,0.045420619860847555
-0.3918767653868664,-1.017764309076953,-1.027403551526011,-0.3732682459413141,0.6445184916452914,0,0,0.06
0.9282456913443246,-0.496531735481969,-1.153492425984784,0.2678436378663333,-0.8235349706258495,1,1,0.98
-0.5182526388612024,1.3252760904370375,0.827115428565768,0.1579743122514517,-1.2719190011127228,1,1,0.96
0.2113965674706589,1.0626572907875265,-0.3756336657655356,1.3511140899867151,1.292745289518207,1,1,0.98
1.6637328321434737,0.3052431265313529,0.5873916998060122,1.41418728833109,0.4473939370689756,1,1,0.9080333333333335
-0.5012341077902127,-0.4485428365278613,0.2385549537737391,-1.2905614219462187,-0.1432589153641926,0,0,0.06633333333333333
1.0965471182302535,-2.191253851165281,1.534482101794515,1.1223742187031596,-0.4597646158304763,0,0,0.0
0.5433908278718096,0.0031477269063266,1.229990368438683,0.9826831427699412,-1.4000707231830092,1,1,0.69
0.5872624134641767,-0.2056278536432476,0.0828325705180999,-0.7281719009698155,1.748137069120835,0,0,0.11166666666666666
1.040061819902576,-0.7397711639729673,-1.3346106069102326,-0.3856726309778482,0.4345026460913057,1,1,0.86
0.240205843946223,1.2531328247682434,0.7899197221808523,0.9695690257529068,0.3268554006104373,1,1,0.9571999999999999
-1.3892987302109905,-0.1956985311469014,1.0600897399086655,-0.051522928524646,0.5030903686237468,0,0,0.01
-0.3187483152461331,-1.029811848541845,-0.1233440640461104,0.3090474430326539,-0.6556877194614437,0,0,0.3267992424242424
-0.2357112448566685,-0.9394632419859826,1.119244917564096,-0.294455757588034,1.452755545126183,0,0,0.0
1.5287478505409084,-0.0810459647217437,-1.0084487325473497,-2.085897877733337,-1.4720370730267915,1,1,0.99
-1.37383482489866,1.3784696274615047,0.1158245872269461,0.3896045240919878,-2.220421008935126,1,1,0.9495833333333333
-1.1979664292172616,0.887079776446287,0.2867741123825862,-0.1472052786855972,0.5648423586001226,1,1,0.5583333333333332
1.635797806135815,-0.2210424635370505,0.0693698026580694,0.1925969187313051,2.392109635273993,0,0,0.20355263157894737
-2.0993562644190256,0.683223014788808,-0.1148022487590636,0.5667717261841796,-0.6573725539947244,1,1,0.9283333333333335
-0.0489650308584502,0.7114105794654951,3.112910201043841,0.8080361894020714,-0.8480655980305086,0,0,0.3885314685314685
